Using pre-set license
Built from '2022.3/respin/2022.3.62f2-4af31df585-v2' branch; Version is '2022.3.62f2 (7670c08855a9) revision 7762112'; Using compiler version '192829333'; Build Type 'Release'
OS: 'Windows 11  (10.0.26200) 64bit Professional' Language: 'en' Physical Memory: 15765 MB
BatchMode: 1, IsHumanControllingUs: 0, StartBugReporterOnCrash: 0, Is64bit: 1, IsPro: 1

COMMAND LINE ARGUMENTS:
C:\Program Files\Unity\Hub\Editor\2022.3.62f2\Editor\Unity.exe
-adb2
-batchMode
-noUpm
-name
AssetImportWorker0
-projectPath
C:/Users/Dev04/Documents/.Thinhnv/AssetRipper/Test/Output/io.heseri.blast-1.1
-logFile
Logs/AssetImportWorker0.log
-srvPort
53175
Successfully changed project path to: C:/Users/Dev04/Documents/.Thinhnv/AssetRipper/Test/Output/io.heseri.blast-1.1
C:/Users/Dev04/Documents/.Thinhnv/AssetRipper/Test/Output/io.heseri.blast-1.1
[UnityMemory] Configuration Parameters - Can be set up in boot.config
    "memorysetup-bucket-allocator-granularity=16"
    "memorysetup-bucket-allocator-bucket-count=8"
    "memorysetup-bucket-allocator-block-size=33554432"
    "memorysetup-bucket-allocator-block-count=8"
    "memorysetup-main-allocator-block-size=16777216"
    "memorysetup-thread-allocator-block-size=16777216"
    "memorysetup-gfx-main-allocator-block-size=16777216"
    "memorysetup-gfx-thread-allocator-block-size=16777216"
    "memorysetup-cache-allocator-block-size=4194304"
    "memorysetup-typetree-allocator-block-size=2097152"
    "memorysetup-profiler-bucket-allocator-granularity=16"
    "memorysetup-profiler-bucket-allocator-bucket-count=8"
    "memorysetup-profiler-bucket-allocator-block-size=33554432"
    "memorysetup-profiler-bucket-allocator-block-count=8"
    "memorysetup-profiler-allocator-block-size=16777216"
    "memorysetup-profiler-editor-allocator-block-size=1048576"
    "memorysetup-temp-allocator-size-main=16777216"
    "memorysetup-job-temp-allocator-block-size=2097152"
    "memorysetup-job-temp-allocator-block-size-background=1048576"
    "memorysetup-job-temp-allocator-reduction-small-platforms=262144"
    "memorysetup-allocator-temp-initial-block-size-main=262144"
    "memorysetup-allocator-temp-initial-block-size-worker=262144"
    "memorysetup-temp-allocator-size-background-worker=32768"
    "memorysetup-temp-allocator-size-job-worker=262144"
    "memorysetup-temp-allocator-size-preload-manager=33554432"
    "memorysetup-temp-allocator-size-nav-mesh-worker=65536"
    "memorysetup-temp-allocator-size-audio-worker=65536"
    "memorysetup-temp-allocator-size-cloud-worker=32768"
    "memorysetup-temp-allocator-size-gi-baking-worker=262144"
    "memorysetup-temp-allocator-size-gfx=262144"
Player connection [6032]  Target information:

Player connection [6032]  * "[IP] 192.168.100.185 [Port] 0 [Flags] 2 [Guid] 299518726 [EditorId] 299518726 [Version] 1048832 [Id] WindowsEditor(7,FuntomDev04) [Debug] 1 [PackageName] WindowsEditor [ProjectName] Editor" 

Player connection [6032] Host joined multi-casting on [225.0.0.222:54997]...
Player connection [6032] Host joined alternative multi-casting on [225.0.0.222:34997]...
Input System module state changed to: Initialized.
[PhysX] Initialized MultithreadedTaskDispatcher with 12 workers.
Refreshing native plugins compatible for Editor in 35.43 ms, found 4 plugins.
Preloading 0 native plugins for Editor in 0.00 ms.
Initialize engine version: 2022.3.62f2 (7670c08855a9)
[Subsystems] Discovering subsystems at path C:/Program Files/Unity/Hub/Editor/2022.3.62f2/Editor/Data/Resources/UnitySubsystems
[Subsystems] Discovering subsystems at path C:/Users/Dev04/Documents/.Thinhnv/AssetRipper/Test/Output/io.heseri.blast-1.1/Assets
GfxDevice: creating device client; threaded=0; jobified=0
Direct3D:
    Version:  Direct3D 11.0 [level 11.1]
    Renderer: AMD Radeon(TM) Graphics (ID=0x1638)
    Vendor:   ATI
    VRAM:     7882 MB
    Driver:   31.0.21924.61
Initialize mono
Mono path[0] = 'C:/Program Files/Unity/Hub/Editor/2022.3.62f2/Editor/Data/Managed'
Mono path[1] = 'C:/Program Files/Unity/Hub/Editor/2022.3.62f2/Editor/Data/MonoBleedingEdge/lib/mono/unityjit-win32'
Mono config path = 'C:/Program Files/Unity/Hub/Editor/2022.3.62f2/Editor/Data/MonoBleedingEdge/etc'
Using monoOptions --debugger-agent=transport=dt_socket,embedding=1,server=y,suspend=n,address=127.0.0.1:56796
Begin MonoManager ReloadAssembly
Registering precompiled unity dll's ...
Register platform support module: C:/Program Files/Unity/Hub/Editor/2022.3.62f2/Editor/Data/PlaybackEngines/AndroidPlayer/UnityEditor.Android.Extensions.dll
Register platform support module: C:/Program Files/Unity/Hub/Editor/2022.3.62f2/Editor/Data/PlaybackEngines/iOSSupport/UnityEditor.iOS.Extensions.dll
Register platform support module: C:/Program Files/Unity/Hub/Editor/2022.3.62f2/Editor/Data/PlaybackEngines/WindowsStandaloneSupport/UnityEditor.WindowsStandalone.Extensions.dll
Registered in 0.007810 seconds.
- Loaded All Assemblies, in  0.370 seconds
Native extension for WindowsStandalone target not found
[usbmuxd] Start listen thread
[usbmuxd] Listen thread started
Native extension for iOS target not found
Native extension for Android target not found
Android Extension - Scanning For ADB Devices 282 ms
Mono: successfully reloaded assembly
- Finished resetting the current domain, in  0.684 seconds
Domain Reload Profiling: 1054ms
	BeginReloadAssembly (100ms)
		ExecutionOrderSort (0ms)
		DisableScriptedObjects (0ms)
		BackupInstance (0ms)
		ReleaseScriptingObjects (0ms)
		CreateAndSetChildDomain (1ms)
	RebuildCommonClasses (32ms)
	RebuildNativeTypeToScriptingClass (8ms)
	initialDomainReloadingComplete (60ms)
	LoadAllAssembliesAndSetupDomain (169ms)
		LoadAssemblies (98ms)
		RebuildTransferFunctionScriptingTraits (0ms)
		AnalyzeDomain (167ms)
			TypeCache.Refresh (165ms)
				TypeCache.ScanAssembly (150ms)
			ScanForSourceGeneratedMonoScriptInfo (0ms)
			ResolveRequiredComponents (1ms)
	FinalizeReload (685ms)
		ReleaseScriptCaches (0ms)
		RebuildScriptCaches (0ms)
		SetupLoadedEditorAssemblies (607ms)
			LogAssemblyErrors (0ms)
			InitializePlatformSupportModulesInManaged (377ms)
			SetLoadedEditorAssemblies (4ms)
			RefreshPlugins (0ms)
			BeforeProcessingInitializeOnLoad (3ms)
			ProcessInitializeOnLoadAttributes (168ms)
			ProcessInitializeOnLoadMethodAttributes (54ms)
			AfterProcessingInitializeOnLoad (0ms)
			EditorAssembliesLoaded (0ms)
		ExecutionOrderSort2 (0ms)
		AwakeInstancesAfterBackupRestoration (0ms)
========================================================================
Worker process is ready to serve import requests
Caller must complete domain reload
Begin MonoManager ReloadAssembly
Assembly 'Assets/Plugins/Facebook.Unity.Settings.dll' will not be loaded due to errors:
Reference has errors 'Facebook.Unity'.
Assembly 'Assets/Plugins/GameAnalyticsSDK.dll' will not be loaded due to errors:
Unable to resolve reference 'Assembly-CSharp'. Is the assembly missing or incompatible with the current platform?
Reference validation can be disabled in the Plugin Inspector.
Assembly 'Assets/Plugins/Facebook.Unity.IOS.dll' will not be loaded due to errors:
Unable to resolve reference 'Assembly-CSharp'. Is the assembly missing or incompatible with the current platform?
Reference validation can be disabled in the Plugin Inspector.
Symbol file LoadedFromMemory is not a mono symbol file
Assembly 'Assets/Plugins/Facebook.Unity.dll' will not be loaded due to errors:
Unable to resolve reference 'Assembly-CSharp'. Is the assembly missing or incompatible with the current platform?
Reference validation can be disabled in the Plugin Inspector.
- Loaded All Assemblies, in  1.360 seconds
Native extension for WindowsStandalone target not found
Native extension for iOS target not found
Native extension for Android target not found
Mono: successfully reloaded assembly
- Finished resetting the current domain, in  1.760 seconds
Domain Reload Profiling: 3112ms
	BeginReloadAssembly (178ms)
		ExecutionOrderSort (0ms)
		DisableScriptedObjects (7ms)
		BackupInstance (0ms)
		ReleaseScriptingObjects (0ms)
		CreateAndSetChildDomain (35ms)
	RebuildCommonClasses (45ms)
	RebuildNativeTypeToScriptingClass (12ms)
	initialDomainReloadingComplete (42ms)
	LoadAllAssembliesAndSetupDomain (1074ms)
		LoadAssemblies (782ms)
		RebuildTransferFunctionScriptingTraits (0ms)
		AnalyzeDomain (386ms)
			TypeCache.Refresh (322ms)
				TypeCache.ScanAssembly (288ms)
			ScanForSourceGeneratedMonoScriptInfo (52ms)
			ResolveRequiredComponents (11ms)
	FinalizeReload (1760ms)
		ReleaseScriptCaches (0ms)
		RebuildScriptCaches (0ms)
		SetupLoadedEditorAssemblies (1508ms)
			LogAssemblyErrors (0ms)
			InitializePlatformSupportModulesInManaged (40ms)
			SetLoadedEditorAssemblies (9ms)
			RefreshPlugins (0ms)
			BeforeProcessingInitializeOnLoad (247ms)
			ProcessInitializeOnLoadAttributes (1096ms)
			ProcessInitializeOnLoadMethodAttributes (106ms)
			AfterProcessingInitializeOnLoad (9ms)
			EditorAssembliesLoaded (1ms)
		ExecutionOrderSort2 (0ms)
		AwakeInstancesAfterBackupRestoration (12ms)
WARNING: Shader Unsupported: 'Spine/Outline/SkeletonGraphic' - All subshaders removed
WARNING: Shader Did you use #pragma only_renderers and omit this platform?
WARNING: Shader If subshaders removal was intentional, you may have forgotten turning Fallback off?
WARNING: Shader Unsupported: 'Spine/Outline/SkeletonGraphic' - All subshaders removed
WARNING: Shader Did you use #pragma only_renderers and omit this platform?
WARNING: Shader If subshaders removal was intentional, you may have forgotten turning Fallback off?
WARNING: Shader Unsupported: 'Spine/Outline/Special/Skeleton Grayscale' - All subshaders removed
WARNING: Shader Did you use #pragma only_renderers and omit this platform?
WARNING: Shader If subshaders removal was intentional, you may have forgotten turning Fallback off?
WARNING: Shader Unsupported: 'Spine/Outline/Special/Skeleton Grayscale' - All subshaders removed
WARNING: Shader Did you use #pragma only_renderers and omit this platform?
WARNING: Shader If subshaders removal was intentional, you may have forgotten turning Fallback off?
WARNING: Shader Unsupported: 'Spine/Outline/Sprite/Vertex Lit' - All subshaders removed
WARNING: Shader Did you use #pragma only_renderers and omit this platform?
WARNING: Shader If subshaders removal was intentional, you may have forgotten turning Fallback off?
WARNING: Shader Unsupported: 'Spine/Outline/Sprite/Vertex Lit' - All subshaders removed
WARNING: Shader Did you use #pragma only_renderers and omit this platform?
WARNING: Shader If subshaders removal was intentional, you may have forgotten turning Fallback off?
WARNING: Shader Unsupported: 'Spine/Outline/SkeletonGraphic Tint Black' - All subshaders removed
WARNING: Shader Did you use #pragma only_renderers and omit this platform?
WARNING: Shader If subshaders removal was intentional, you may have forgotten turning Fallback off?
WARNING: Shader Unsupported: 'Spine/Outline/SkeletonGraphic Tint Black' - All subshaders removed
WARNING: Shader Did you use #pragma only_renderers and omit this platform?
WARNING: Shader If subshaders removal was intentional, you may have forgotten turning Fallback off?
WARNING: Shader Unsupported: 'Spine/Outline/Skeleton Lit ZWrite' - All subshaders removed
WARNING: Shader Did you use #pragma only_renderers and omit this platform?
WARNING: Shader If subshaders removal was intentional, you may have forgotten turning Fallback off?
WARNING: Shader Unsupported: 'Spine/Outline/Skeleton Lit ZWrite' - All subshaders removed
WARNING: Shader Did you use #pragma only_renderers and omit this platform?
WARNING: Shader If subshaders removal was intentional, you may have forgotten turning Fallback off?
WARNING: Shader Unsupported: 'Spine/Outline/Skeleton Fill' - All subshaders removed
WARNING: Shader Did you use #pragma only_renderers and omit this platform?
WARNING: Shader If subshaders removal was intentional, you may have forgotten turning Fallback off?
WARNING: Shader Unsupported: 'Spine/Outline/Skeleton Fill' - All subshaders removed
WARNING: Shader Did you use #pragma only_renderers and omit this platform?
WARNING: Shader If subshaders removal was intentional, you may have forgotten turning Fallback off?
WARNING: Shader Unsupported: 'Spine/Outline/Blend Modes/Skeleton PMA Additive' - All subshaders removed
WARNING: Shader Did you use #pragma only_renderers and omit this platform?
WARNING: Shader If subshaders removal was intentional, you may have forgotten turning Fallback off?
WARNING: Shader Unsupported: 'Spine/Outline/Blend Modes/Skeleton PMA Additive' - All subshaders removed
WARNING: Shader Did you use #pragma only_renderers and omit this platform?
WARNING: Shader If subshaders removal was intentional, you may have forgotten turning Fallback off?
WARNING: Shader Unsupported: 'Spine/Outline/Skeleton Lit' - All subshaders removed
WARNING: Shader Did you use #pragma only_renderers and omit this platform?
WARNING: Shader If subshaders removal was intentional, you may have forgotten turning Fallback off?
WARNING: Shader Unsupported: 'Spine/Outline/Skeleton Lit' - All subshaders removed
WARNING: Shader Did you use #pragma only_renderers and omit this platform?
WARNING: Shader If subshaders removal was intentional, you may have forgotten turning Fallback off?
WARNING: Shader Unsupported: 'Spine/Outline/Sprite/Unlit' - All subshaders removed
WARNING: Shader Did you use #pragma only_renderers and omit this platform?
WARNING: Shader If subshaders removal was intentional, you may have forgotten turning Fallback off?
WARNING: Shader Unsupported: 'Spine/Outline/Sprite/Unlit' - All subshaders removed
WARNING: Shader Did you use #pragma only_renderers and omit this platform?
WARNING: Shader If subshaders removal was intentional, you may have forgotten turning Fallback off?
WARNING: Shader Unsupported: 'Spine/Outline/Skeleton Tint' - All subshaders removed
WARNING: Shader Did you use #pragma only_renderers and omit this platform?
WARNING: Shader If subshaders removal was intentional, you may have forgotten turning Fallback off?
WARNING: Shader Unsupported: 'Spine/Outline/Skeleton Tint' - All subshaders removed
WARNING: Shader Did you use #pragma only_renderers and omit this platform?
WARNING: Shader If subshaders removal was intentional, you may have forgotten turning Fallback off?
WARNING: Shader Unsupported: 'Spine/Outline/Sprite/Pixel Lit' - All subshaders removed
WARNING: Shader Did you use #pragma only_renderers and omit this platform?
WARNING: Shader If subshaders removal was intentional, you may have forgotten turning Fallback off?
WARNING: Shader Unsupported: 'Spine/Outline/Sprite/Pixel Lit' - All subshaders removed
WARNING: Shader Did you use #pragma only_renderers and omit this platform?
WARNING: Shader If subshaders removal was intentional, you may have forgotten turning Fallback off?
WARNING: Shader Unsupported: 'Spine/Outline/Skeleton' - All subshaders removed
WARNING: Shader Did you use #pragma only_renderers and omit this platform?
WARNING: Shader If subshaders removal was intentional, you may have forgotten turning Fallback off?
WARNING: Shader Unsupported: 'Spine/Outline/Skeleton' - All subshaders removed
WARNING: Shader Did you use #pragma only_renderers and omit this platform?
WARNING: Shader If subshaders removal was intentional, you may have forgotten turning Fallback off?
WARNING: Shader Unsupported: 'Spine/Outline/Blend Modes/Skeleton PMA Screen' - All subshaders removed
WARNING: Shader Did you use #pragma only_renderers and omit this platform?
WARNING: Shader If subshaders removal was intentional, you may have forgotten turning Fallback off?
WARNING: Shader Unsupported: 'Spine/Outline/Blend Modes/Skeleton PMA Screen' - All subshaders removed
WARNING: Shader Did you use #pragma only_renderers and omit this platform?
WARNING: Shader If subshaders removal was intentional, you may have forgotten turning Fallback off?
WARNING: Shader Unsupported: 'Spine/Outline/Skeleton Tint Black' - All subshaders removed
WARNING: Shader Did you use #pragma only_renderers and omit this platform?
WARNING: Shader If subshaders removal was intentional, you may have forgotten turning Fallback off?
WARNING: Shader Unsupported: 'Spine/Outline/Skeleton Tint Black' - All subshaders removed
WARNING: Shader Did you use #pragma only_renderers and omit this platform?
WARNING: Shader If subshaders removal was intentional, you may have forgotten turning Fallback off?
WARNING: Shader Unsupported: 'Spine/Outline/Blend Modes/Skeleton PMA Multiply' - All subshaders removed
WARNING: Shader Did you use #pragma only_renderers and omit this platform?
WARNING: Shader If subshaders removal was intentional, you may have forgotten turning Fallback off?
WARNING: Shader Unsupported: 'Spine/Outline/Blend Modes/Skeleton PMA Multiply' - All subshaders removed
WARNING: Shader Did you use #pragma only_renderers and omit this platform?
WARNING: Shader If subshaders removal was intentional, you may have forgotten turning Fallback off?
Launched and connected shader compiler UnityShaderCompiler.exe after 0.04 seconds
Refreshing native plugins compatible for Editor in 24.18 ms, found 4 plugins.
Preloading 0 native plugins for Editor in 0.00 ms.
Unloading 6877 Unused Serialized files (Serialized files now loaded: 0)
Unloading 59 unused Assets / (1.3 MB). Loaded Objects now: 7378.
Memory consumption went from 232.5 MB to 231.2 MB.
Total: 7.946200 ms (FindLiveObjects: 1.097900 ms CreateObjectMapping: 0.272200 ms MarkObjects: 5.574000 ms  DeleteObjects: 0.985900 ms)

AssetImportParameters requested are different than current active one (requested -> active):
  custom:container-demuxer-ogg: 62fdf1f143b41e24485cea50d1cbac27 -> 
  custom:framework-win-MediaFoundation: 216162199b28c13a410421893ffa2e32 -> 
  custom:container-muxer-webm: aa71ff27fc2769a1b78a27578f13a17b -> 
  custom:video-decoder-webm-vp8: 9c59270c3fd7afecdb556c50c9e8de78 -> 
  custom:SearchIndexIgnoredProperties: e643bd26f0fe6173181afceb89e7c659 -> 
  custom:AudioImporter_EditorPlatform: d09bf68614088b80899f8185d706f6e7 -> 
  custom:audio-decoder-ogg-vorbis: bf7c407c2cedff20999df2af8eb42d56 -> 
  custom:audio-encoder-webm-vorbis: bf7c407c2cedff20999df2af8eb42d56 -> 
  custom:video-codec-MediaFoundation-h265: 746d11721c4dcdbdad8f713fa42b33f4 -> 
  custom:video-decoder-ogg-theora: a1e56fd34408186e4bbccfd4996cb3dc -> 
  custom:CustomObjectIndexerAttribute: 9a22284fe3817be447336de3de66b15e -> 
  custom:container-demuxer-webm: 4f35f7cbe854078d1ac9338744f61a02 -> 
  custom:video-encoder-webm-vp8: eb34c28f22e8b96e1ab97ce403110664 -> 
========================================================================
Received Import Request.
  Time since last request: 3340.070939 seconds.
  path: Assets/Scripts/Assembly-CSharp/PurchasePage.cs
  artifactKey: Guid(4ddf7bd0bca0eb68a2f5ac2cc0cf8b94) Importer(815301076,1909f56bfc062723c751e8b465ee728b)
Start importing Assets/Scripts/Assembly-CSharp/PurchasePage.cs using Guid(4ddf7bd0bca0eb68a2f5ac2cc0cf8b94) Importer(815301076,1909f56bfc062723c751e8b465ee728b) [PhysX] Initialized MultithreadedTaskDispatcher with 12 workers.
 -> (artifact id: '169b3b194e637ddfd7b5db0c93989822') in 0.003113 seconds
Number of updated asset objects reloaded before import = 0
Number of asset objects unloaded after import = 0
========================================================================
Received Import Request.
  Time since last request: 82.942294 seconds.
  path: Assets/Scripts/Assembly-CSharp/ProductRowPrefab.cs
  artifactKey: Guid(2cbc2672e7793c1c20f7949923945ca0) Importer(815301076,1909f56bfc062723c751e8b465ee728b)
Start importing Assets/Scripts/Assembly-CSharp/ProductRowPrefab.cs using Guid(2cbc2672e7793c1c20f7949923945ca0) Importer(815301076,1909f56bfc062723c751e8b465ee728b) [PhysX] Initialized MultithreadedTaskDispatcher with 12 workers.
 -> (artifact id: 'd86dbe13f868e261d16d4f31d500152d') in 0.000513 seconds
Number of updated asset objects reloaded before import = 0
Number of asset objects unloaded after import = 0
========================================================================
Received Import Request.
  Time since last request: 18.404453 seconds.
  path: Assets/Scripts/Assembly-CSharp/PurchaseRowPrefab.cs
  artifactKey: Guid(f7af0bac88cfc2daf810775af74e6a21) Importer(815301076,1909f56bfc062723c751e8b465ee728b)
Start importing Assets/Scripts/Assembly-CSharp/PurchaseRowPrefab.cs using Guid(f7af0bac88cfc2daf810775af74e6a21) Importer(815301076,1909f56bfc062723c751e8b465ee728b) [PhysX] Initialized MultithreadedTaskDispatcher with 12 workers.
 -> (artifact id: '740f28281e820229e8d1dd58bd2b812b') in 0.000465 seconds
Number of updated asset objects reloaded before import = 0
Number of asset objects unloaded after import = 0
========================================================================
Received Import Request.
  Time since last request: 55.660181 seconds.
  path: Assets/Plugins
  artifactKey: Guid(dd7cddb4960fa824390126b58fe12daf) Importer(815301076,1909f56bfc062723c751e8b465ee728b)
Start importing Assets/Plugins using Guid(dd7cddb4960fa824390126b58fe12daf) Importer(815301076,1909f56bfc062723c751e8b465ee728b) [PhysX] Initialized MultithreadedTaskDispatcher with 12 workers.
 -> (artifact id: 'f92eabeace56eff08814da81fc3dcf6b') in 0.000379 seconds
Number of updated asset objects reloaded before import = 0
Number of asset objects unloaded after import = 0
========================================================================
Received Import Request.
  Time since last request: 1.872829 seconds.
  path: Assets/Plugins/GameAnalyticsSDK.dll
  artifactKey: Guid(56792a19a80bf444880d6bc3690bda0d) Importer(815301076,1909f56bfc062723c751e8b465ee728b)
Start importing Assets/Plugins/GameAnalyticsSDK.dll using Guid(56792a19a80bf444880d6bc3690bda0d) Importer(815301076,1909f56bfc062723c751e8b465ee728b) [PhysX] Initialized MultithreadedTaskDispatcher with 12 workers.
 -> (artifact id: 'abef6c5f5157eca08764d72a2f3e20b3') in 0.000466 seconds
Number of updated asset objects reloaded before import = 0
Number of asset objects unloaded after import = 0
========================================================================
Received Prepare
Caller must complete domain reload
Begin MonoManager ReloadAssembly
Symbol file LoadedFromMemory is not a mono symbol file
InvalidProgramException: Invalid IL code in UnitySourceGeneratedAssemblyMonoScriptTypes_v1:Get (): IL_0000: ldtoken   0x1b000003



- Loaded All Assemblies, in  1.139 seconds
Native extension for WindowsStandalone target not found
Native extension for iOS target not found
Native extension for Android target not found
Mono: successfully reloaded assembly
- Finished resetting the current domain, in  0.826 seconds
Domain Reload Profiling: 1962ms
	BeginReloadAssembly (650ms)
		ExecutionOrderSort (0ms)
		DisableScriptedObjects (455ms)
		BackupInstance (0ms)
		ReleaseScriptingObjects (0ms)
		CreateAndSetChildDomain (61ms)
	RebuildCommonClasses (30ms)
	RebuildNativeTypeToScriptingClass (9ms)
	initialDomainReloadingComplete (34ms)
	LoadAllAssembliesAndSetupDomain (414ms)
		LoadAssemblies (471ms)
		RebuildTransferFunctionScriptingTraits (0ms)
		AnalyzeDomain (41ms)
			TypeCache.Refresh (18ms)
				TypeCache.ScanAssembly (5ms)
			ScanForSourceGeneratedMonoScriptInfo (11ms)
			ResolveRequiredComponents (11ms)
	FinalizeReload (826ms)
		ReleaseScriptCaches (0ms)
		RebuildScriptCaches (0ms)
		SetupLoadedEditorAssemblies (632ms)
			LogAssemblyErrors (0ms)
			InitializePlatformSupportModulesInManaged (29ms)
			SetLoadedEditorAssemblies (8ms)
			RefreshPlugins (0ms)
			BeforeProcessingInitializeOnLoad (170ms)
			ProcessInitializeOnLoadAttributes (349ms)
			ProcessInitializeOnLoadMethodAttributes (71ms)
			AfterProcessingInitializeOnLoad (5ms)
			EditorAssembliesLoaded (1ms)
		ExecutionOrderSort2 (0ms)
		AwakeInstancesAfterBackupRestoration (14ms)
WARNING: Shader Unsupported: 'Spine/Outline/SkeletonGraphic' - All subshaders removed
WARNING: Shader Did you use #pragma only_renderers and omit this platform?
WARNING: Shader If subshaders removal was intentional, you may have forgotten turning Fallback off?
WARNING: Shader Unsupported: 'Spine/Outline/SkeletonGraphic' - All subshaders removed
WARNING: Shader Did you use #pragma only_renderers and omit this platform?
WARNING: Shader If subshaders removal was intentional, you may have forgotten turning Fallback off?
WARNING: Shader Unsupported: 'Spine/Outline/Special/Skeleton Grayscale' - All subshaders removed
WARNING: Shader Did you use #pragma only_renderers and omit this platform?
WARNING: Shader If subshaders removal was intentional, you may have forgotten turning Fallback off?
WARNING: Shader Unsupported: 'Spine/Outline/Special/Skeleton Grayscale' - All subshaders removed
WARNING: Shader Did you use #pragma only_renderers and omit this platform?
WARNING: Shader If subshaders removal was intentional, you may have forgotten turning Fallback off?
WARNING: Shader Unsupported: 'Spine/Outline/Sprite/Vertex Lit' - All subshaders removed
WARNING: Shader Did you use #pragma only_renderers and omit this platform?
WARNING: Shader If subshaders removal was intentional, you may have forgotten turning Fallback off?
WARNING: Shader Unsupported: 'Spine/Outline/Sprite/Vertex Lit' - All subshaders removed
WARNING: Shader Did you use #pragma only_renderers and omit this platform?
WARNING: Shader If subshaders removal was intentional, you may have forgotten turning Fallback off?
WARNING: Shader Unsupported: 'Spine/Outline/SkeletonGraphic Tint Black' - All subshaders removed
WARNING: Shader Did you use #pragma only_renderers and omit this platform?
WARNING: Shader If subshaders removal was intentional, you may have forgotten turning Fallback off?
WARNING: Shader Unsupported: 'Spine/Outline/SkeletonGraphic Tint Black' - All subshaders removed
WARNING: Shader Did you use #pragma only_renderers and omit this platform?
WARNING: Shader If subshaders removal was intentional, you may have forgotten turning Fallback off?
WARNING: Shader Unsupported: 'Spine/Outline/Skeleton Lit ZWrite' - All subshaders removed
WARNING: Shader Did you use #pragma only_renderers and omit this platform?
WARNING: Shader If subshaders removal was intentional, you may have forgotten turning Fallback off?
WARNING: Shader Unsupported: 'Spine/Outline/Skeleton Lit ZWrite' - All subshaders removed
WARNING: Shader Did you use #pragma only_renderers and omit this platform?
WARNING: Shader If subshaders removal was intentional, you may have forgotten turning Fallback off?
WARNING: Shader Unsupported: 'Spine/Outline/Skeleton Fill' - All subshaders removed
WARNING: Shader Did you use #pragma only_renderers and omit this platform?
WARNING: Shader If subshaders removal was intentional, you may have forgotten turning Fallback off?
WARNING: Shader Unsupported: 'Spine/Outline/Skeleton Fill' - All subshaders removed
WARNING: Shader Did you use #pragma only_renderers and omit this platform?
WARNING: Shader If subshaders removal was intentional, you may have forgotten turning Fallback off?
WARNING: Shader Unsupported: 'Spine/Outline/Blend Modes/Skeleton PMA Additive' - All subshaders removed
WARNING: Shader Did you use #pragma only_renderers and omit this platform?
WARNING: Shader If subshaders removal was intentional, you may have forgotten turning Fallback off?
WARNING: Shader Unsupported: 'Spine/Outline/Blend Modes/Skeleton PMA Additive' - All subshaders removed
WARNING: Shader Did you use #pragma only_renderers and omit this platform?
WARNING: Shader If subshaders removal was intentional, you may have forgotten turning Fallback off?
WARNING: Shader Unsupported: 'Spine/Outline/Skeleton Lit' - All subshaders removed
WARNING: Shader Did you use #pragma only_renderers and omit this platform?
WARNING: Shader If subshaders removal was intentional, you may have forgotten turning Fallback off?
WARNING: Shader Unsupported: 'Spine/Outline/Skeleton Lit' - All subshaders removed
WARNING: Shader Did you use #pragma only_renderers and omit this platform?
WARNING: Shader If subshaders removal was intentional, you may have forgotten turning Fallback off?
WARNING: Shader Unsupported: 'Spine/Outline/Sprite/Unlit' - All subshaders removed
WARNING: Shader Did you use #pragma only_renderers and omit this platform?
WARNING: Shader If subshaders removal was intentional, you may have forgotten turning Fallback off?
WARNING: Shader Unsupported: 'Spine/Outline/Sprite/Unlit' - All subshaders removed
WARNING: Shader Did you use #pragma only_renderers and omit this platform?
WARNING: Shader If subshaders removal was intentional, you may have forgotten turning Fallback off?
WARNING: Shader Unsupported: 'Spine/Outline/Skeleton Tint' - All subshaders removed
WARNING: Shader Did you use #pragma only_renderers and omit this platform?
WARNING: Shader If subshaders removal was intentional, you may have forgotten turning Fallback off?
WARNING: Shader Unsupported: 'Spine/Outline/Skeleton Tint' - All subshaders removed
WARNING: Shader Did you use #pragma only_renderers and omit this platform?
WARNING: Shader If subshaders removal was intentional, you may have forgotten turning Fallback off?
WARNING: Shader Unsupported: 'Spine/Outline/Sprite/Pixel Lit' - All subshaders removed
WARNING: Shader Did you use #pragma only_renderers and omit this platform?
WARNING: Shader If subshaders removal was intentional, you may have forgotten turning Fallback off?
WARNING: Shader Unsupported: 'Spine/Outline/Sprite/Pixel Lit' - All subshaders removed
WARNING: Shader Did you use #pragma only_renderers and omit this platform?
WARNING: Shader If subshaders removal was intentional, you may have forgotten turning Fallback off?
WARNING: Shader Unsupported: 'Spine/Outline/Skeleton' - All subshaders removed
WARNING: Shader Did you use #pragma only_renderers and omit this platform?
WARNING: Shader If subshaders removal was intentional, you may have forgotten turning Fallback off?
WARNING: Shader Unsupported: 'Spine/Outline/Skeleton' - All subshaders removed
WARNING: Shader Did you use #pragma only_renderers and omit this platform?
WARNING: Shader If subshaders removal was intentional, you may have forgotten turning Fallback off?
WARNING: Shader Unsupported: 'Spine/Outline/Blend Modes/Skeleton PMA Screen' - All subshaders removed
WARNING: Shader Did you use #pragma only_renderers and omit this platform?
WARNING: Shader If subshaders removal was intentional, you may have forgotten turning Fallback off?
WARNING: Shader Unsupported: 'Spine/Outline/Blend Modes/Skeleton PMA Screen' - All subshaders removed
WARNING: Shader Did you use #pragma only_renderers and omit this platform?
WARNING: Shader If subshaders removal was intentional, you may have forgotten turning Fallback off?
WARNING: Shader Unsupported: 'Spine/Outline/Skeleton Tint Black' - All subshaders removed
WARNING: Shader Did you use #pragma only_renderers and omit this platform?
WARNING: Shader If subshaders removal was intentional, you may have forgotten turning Fallback off?
WARNING: Shader Unsupported: 'Spine/Outline/Skeleton Tint Black' - All subshaders removed
WARNING: Shader Did you use #pragma only_renderers and omit this platform?
WARNING: Shader If subshaders removal was intentional, you may have forgotten turning Fallback off?
WARNING: Shader Unsupported: 'Spine/Outline/Blend Modes/Skeleton PMA Multiply' - All subshaders removed
WARNING: Shader Did you use #pragma only_renderers and omit this platform?
WARNING: Shader If subshaders removal was intentional, you may have forgotten turning Fallback off?
WARNING: Shader Unsupported: 'Spine/Outline/Blend Modes/Skeleton PMA Multiply' - All subshaders removed
WARNING: Shader Did you use #pragma only_renderers and omit this platform?
WARNING: Shader If subshaders removal was intentional, you may have forgotten turning Fallback off?
Refreshing native plugins compatible for Editor in 18.86 ms, found 4 plugins.
Preloading 0 native plugins for Editor in 0.00 ms.
Unloading 6791 Unused Serialized files (Serialized files now loaded: 0)
Unloading 45 unused Assets / (1.3 MB). Loaded Objects now: 7443.
Memory consumption went from 214.2 MB to 212.9 MB.
Total: 6.384600 ms (FindLiveObjects: 0.523700 ms CreateObjectMapping: 0.200200 ms MarkObjects: 4.262500 ms  DeleteObjects: 1.396000 ms)

Prepare: number of updated asset objects reloaded= 0
AssetImportParameters requested are different than current active one (requested -> active):
  custom:scripting/monoscript/fileName/PathFollower.cs: 30c16a1f27a8ff2cea4b196aa739f22b -> 
  custom:scripting/monoscript/fileName/Water.cs: 47d36fddd9c06776acd1b9d4bad18ce4 -> 
  custom:scripting/monoscript/fileName/AudioMixerPostprocessor.cs: fea92e2fedeb3e955711de4d33dc011c -> 
  custom:scripting/monoscript/fileName/FixedFluid.cs: e8b3b51eca42b0b2b1499b798d32399e -> 
  custom:scripting/monoscript/fileName/FixedRadiusNeighborSearchJob.cs: 75dc8a66236188d4230fd9d110ec4621 -> 
  custom:container-demuxer-ogg: 62fdf1f143b41e24485cea50d1cbac27 -> 
  custom:scripting/monoscript/fileName/Menu.cs: 6a6b6f10406332b78ded19ddc96541c7 -> 
  custom:scripting/monoscript/fileName/DensityJob.cs: 97d16c96e154b778bab78cee9307fe8b -> 
  custom:scripting/monoscript/fileName/PathPlacer.cs: bcf225ebf4e9e956635b4f53e47fd6d1 -> 
  custom:scripting/monoscript/fileName/SpecialFluid.cs: dc1a804a0a09e3e68285359c87e6b52c -> 
  custom:scripting/precompiled-assembly-types:Facebook.Unity.IOS: 19755ab32345301756071e487004644c -> 
  custom:scripting/monoscript/fileName/AudioManager.cs: e8310be4479956b7ccf5d41d9f0f6e53 -> 
  custom:scripting/monoscript/fileName/AddressAttribute.cs: 05abc5fa8802f39a615c16623c7dc9e6 -> 
  custom:scripting/monoscript/fileName/ClearDeltaJob.cs: b25411f7dfbe97cfe3fedee493bf1e07 -> 
  custom:scripting/monoscript/fileName/Cpp2ILHelpers.cs: d5322db5289bad64d0a2d3038173207a -> 
  custom:scripting/monoscript/fileName/AddRigidComponent.cs: 5cfe8c1163d2120231d1a60a9187bef2 -> 
  custom:scripting/monoscript/fileName/SplashEffect.cs: 56c37332bcfdc0b69bf23ffd84b0cb9b -> 
  custom:scripting/monoscript/fileName/TextPopEffect.cs: a568096c34fcbf4a332c0e2cedc3c125 -> 
  custom:scripting/monoscript/fileName/Tween.cs: 29ccc41826acec4f27b1cb33d266c690 -> 
  custom:framework-win-MediaFoundation: 216162199b28c13a410421893ffa2e32 -> 
  custom:scripting/monoscript/fileName/WaterDensityJob.cs: ba7f15ba67decc70bd7308793379c4aa -> 
  custom:scripting/monoscript/fileName/ParticleQueueData.cs: 30c0dc0e994da04a4cb5408e3d344ff9 -> 
  custom:scripting/monoscript/fileName/PathCollider2D.cs: 06533b777409c1f1010218037eee84a9 -> 
  custom:scripting/monoscript/fileName/ApplicationData.cs: 9effcfd0ce3162977bad1781620f9106 -> 
  custom:scripting/monoscript/fileName/PressureJob.cs: 0604085a716d6a7a0c50ab176e6bc3b9 -> 
  custom:scripting/monoscript/fileName/Ice.cs: cd95ffbb2f35ffc5893e2a2c99c1b11a -> 
  custom:scripting/monoscript/fileName/DoFloat.cs: 55b0e08a37a831d0420320b38cc2e13f -> 
  custom:scripting/monoscript/fileName/OctopusHeadCohesionJob.cs: a2446c4ab6f6996494ee750594bdb9a1 -> 
  custom:scripting/monoscript/fileName/HueColorCycle.cs: 15e75555f93bd44d2d6bb3f058c4a1eb -> 
  custom:scripting/monoscript/fileName/PlayerData.cs: b049d9460687d3638acb6ba01fbbf85d -> 3d84b63f3767a72fc8125a519f7eef54
  custom:scripting/monoscript/fileName/CaterpillarSpawner.cs: 747a1198a5dc106ef4abf9c6ec58d5a5 -> 
  custom:scripting/monoscript/fileName/FluidDisplay.cs: 766ed52bfc5d7714782ae4791d4b506e -> 
  custom:scripting/monoscript/fileName/Lock.cs: 6e48627702aeabfc269d8ffae8d16237 -> 
  custom:scripting/monoscript/fileName/RotatingSpecialFluid.cs: 6f988e7bc04dcbc0d5286ebb60bbf092 -> 
  custom:scripting/monoscript/fileName/CylinderMeshCreator.cs: 7eec2893b5ae89ce232df82320de6719 -> 
  custom:scripting/monoscript/fileName/UIState.cs: 5ca049af107384855fee205e98e3fdcd -> 
  custom:scripting/monoscript/fileName/Butterfly.cs: 4f804cf0d8151c67487bc6813bdeca41 -> 
  custom:scripting/monoscript/fileName/ConfettiScreen.cs: ed4c16a13f89cfb0866824c801d835d4 -> 
  custom:scripting/precompiled-assembly-types:GameAnalyticsSDK: 1d1d894ca838e7141382c1d676b57975 -> 
  custom:scripting/monoscript/fileName/SettingsMenu.cs: 5998da193e19bba9a80245c370fc3810 -> 
  custom:scripting/monoscript/fileName/SDFTextureGenerator.cs: 8fb16005cbd13aa97a5f1d58995fc037 -> 
  custom:scripting/monoscript/fileName/SpecialFluidSpawner.cs: f60afa3143a6910c1f36917346035e07 -> 
  custom:scripting/monoscript/fileName/PathSceneToolEditor.cs: 641cadc2661c2c0cebd6b4bd914aa0f2 -> 
  custom:scripting/monoscript/fileName/ClearByteJob.cs: 7cdc70b6c4c85ed88e6e8aab3ece458b -> 
  custom:scripting/monoscript/fileName/OctopusBodyCohesionJob.cs: dac92914c8ea952ca4be44072603b282 -> 
  custom:scripting/monoscript/fileName/GameplayScreen.cs: 667347d3239b97318a91eca7fa6fedc0 -> 
  custom:scripting/monoscript/fileName/TokenAttribute.cs: 526ecdd76f296923b9d238dc78fec9c0 -> 
  custom:scripting/monoscript/fileName/Singleton.cs: f4b867811f420ce1e7db5ea6af289bb7 -> 90647cc400823b41df847a6cbfc29026
  custom:container-muxer-webm: aa71ff27fc2769a1b78a27578f13a17b -> 
  custom:scripting/monoscript/fileName/ViscosityJob.cs: fb2f7bf2ac7163c16a30bbf847db4437 -> 
  custom:scripting/monoscript/fileName/ImageSliceWithUV.cs: 2ac212ba260301fcf9ffc22c566e7b0a -> 
  custom:video-decoder-webm-vp8: 9c59270c3fd7afecdb556c50c9e8de78 -> 
  custom:scripting/monoscript/fileName/FloatConverter.cs: 90647cc400823b41df847a6cbfc29026 -> 
  custom:scripting/monoscript/fileName/UIButtonStyler.cs: 8f0b26656cd59141973cafe91f05635e -> 
  custom:scripting/monoscript/fileName/LevelSequenceManager.cs: aed1233fcf22ffb545af79365deb965c -> 
  custom:scripting/monoscript/fileName/CollectSprite.cs: a87c5cf650fdd36a511d51e6cc1f36ff -> 
  custom:scripting/monoscript/fileName/IntegrateJob.cs: e2d2280989a2b04de87e3c4d97782c2e -> 
  custom:scripting/monoscript/fileName/BlobCohesionJob.cs: f896e09edea5a8a1a27d893b45ca2f98 -> 
  custom:SearchIndexIgnoredProperties: e643bd26f0fe6173181afceb89e7c659 -> 
  custom:AudioImporter_EditorPlatform: d09bf68614088b80899f8185d706f6e7 -> 
  custom:scripting/monoscript/fileName/Clump.cs: 29b6da6786c5aab461f1cca7e475dce5 -> 
  custom:scripting/monoscript/fileName/FluidPhysicsCoupler.cs: c044cc89f319dcc145983e7efaa72f5f -> 
  custom:scripting/monoscript/fileName/CollectRegionTextEffect.cs: d76618d3e117721974ffda24613e4a70 -> 
  custom:scripting/monoscript/fileName/Honey.cs: 6e2fe8d9492eb2cd8d48cd2dc12c7481 -> 
  custom:scripting/monoscript/fileName/CoinsScreen.cs: c7cd5d1f3368dc6d0b2b6c6616c4b579 -> 
  custom:scripting/monoscript/fileName/NativeSourceAttribute.cs: b050fb6a02df5d6acf0c9a7e6eed1f0e -> 
  custom:scripting/monoscript/fileName/PredictJob.cs: 180ae3d423f87193078e6d55d2805157 -> 
  custom:scripting/monoscript/fileName/ApplicationManager.cs: 6100f98dc72a5824900b7fa765f78bcb -> 
  custom:scripting/monoscript/fileName/Bee.cs: c2337d4266dbe6df48f348a8881efe88 -> 
  custom:scripting/monoscript/fileName/FluidInteractions.cs: 0d533b955138b48a582e869007dd1c7e -> 
  custom:scripting/monoscript/fileName/InputSystemWarning.cs: 61b47bbf8092ae28d74118e5fe034e1c -> 
  custom:scripting/monoscript/fileName/BuoyancyJob.cs: 84a0777cebf5813267d91aa352d14cd8 -> 
  custom:scripting/monoscript/fileName/FadingEventScript.cs: 3dffe1822b5cc6f7560127c913518b92 -> 
  custom:scripting/monoscript/fileName/GoalUI.cs: 67c8e93792667363bbe3b477636d06a8 -> 
  custom:scripting/monoscript/fileName/TintScreen.cs: 618fc320637a8c09e346a0bbf7a09e4d -> 
  custom:scripting/monoscript/fileName/UIButtonStyle.cs: ece3cb458f0b84e9e1b8b3186edf78e4 -> 
  custom:audio-decoder-ogg-vorbis: bf7c407c2cedff20999df2af8eb42d56 -> 
  custom:scripting/monoscript/fileName/__JobReflectionRegistrationOutput__1221673671587648887.cs: 93328787fabb34f9d55166ad9aa7d1ee -> 
  custom:scripting/monoscript/fileName/CoinParticle.cs: 33fc31af2630378ef2a81ce7d2a52688 -> 
  custom:scripting/monoscript/fileName/LevelIntroScreen.cs: ccfaad0341bd8a443738ddc35e936f33 -> 
  custom:scripting/monoscript/fileName/PathSceneTool.cs: d23027e6f2a9b1ba86976e141dc12b98 -> 
  custom:scripting/monoscript/fileName/DoVector.cs: 8901fd62dd266773104f60e6eda29a3c -> 
  custom:scripting/monoscript/fileName/HashUtil.cs: 1dcae0507106bac4a7e4d55398924ee7 -> 
  custom:scripting/monoscript/fileName/FieldOffsetAttribute.cs: 76d479e1a0df275c8dfcb86c04622e25 -> 
  custom:scripting/monoscript/fileName/AudioClipSettings.cs: 837f354ab961ea2a15471fb5cb6acb3f -> 
  custom:scripting/monoscript/fileName/TransitionScreen.cs: a569ee698fa6701a0e3d5bdbb3a2dcfd -> 
  custom:audio-encoder-webm-vorbis: bf7c407c2cedff20999df2af8eb42d56 -> 
  custom:scripting/precompiled-assembly-types:Assembly-CSharp-Editor: 3a9ff61bebf9b87c16505e50216b001e -> 
  custom:scripting/precompiled-assembly-types:Assembly-CSharp: 6b5faa128054ab4c267c4dcf2200c928 -> 
  custom:scripting/monoscript/fileName/SPHKernels.cs: 6abe6bb24acc565ff981c9171279e1c3 -> 
  custom:scripting/monoscript/fileName/Stone.cs: 1cc907ad037df73fef4436d844e8ea54 -> 
  custom:scripting/monoscript/fileName/SDFCollider.cs: 603c7592c9dd4c8c07a7eafb1014ebfb -> 
  custom:scripting/monoscript/fileName/MainPage.cs: c129f0c65b8d9c41034d767db532f547 -> 
  custom:scripting/monoscript/fileName/TranslateScript.cs: 64dfd55678f8170683e35feaffd5446c -> 
  custom:scripting/monoscript/fileName/GameBehaviour.cs: db9a2c24ce57d9f65fd93edf3e572400 -> 
  custom:scripting/monoscript/fileName/InputPanelScreen.cs: ef8ca976223475b4094c565208d950bc -> 
  custom:scripting/monoscript/fileName/GameUIManager.cs: 86a69fcfcfd19a8f24740b434b069a4d -> 
  custom:scripting/monoscript/fileName/UIButton.cs: 4e02ea3fe0adc9df93efc8249c29faeb -> 
  custom:scripting/monoscript/fileName/OctUF_FlagHeadJob.cs: 2a8469c3020b91f1be61387f2a79eef9 -> 
  custom:scripting/monoscript/fileName/OctUF_UnionJob.cs: 0eaf1302a9424eb3e64b37a9dc627e14 -> 
  custom:scripting/monoscript/fileName/SplashDownJob.cs: 792b26a134067d7a0186317e69ef6549 -> 
  custom:scripting/monoscript/fileName/ApplyDamageScript.cs: 8a6eeac0abfc8e6bcb5548d6504325b3 -> 
  custom:scripting/monoscript/fileName/JsonHelper.cs: 8a92f32b1bee6bbad752db4e62471d0c -> 0b5759f67f92e2eb09febb2082aca955
  custom:scripting/monoscript/fileName/AudioClipManager.cs: ec6f4ef80a0a5fbf284f0d8637264ab7 -> 
  custom:scripting/monoscript/fileName/GameManager.cs: b72fde0e4713e5b022e37ef0c3f02453 -> 
  custom:scripting/monoscript/fileName/Sponge.cs: 86ef37e94027733653600a38c7a451b6 -> 
  custom:scripting/monoscript/fileName/IdGenerator.cs: d9618b905cbee3f7cd0e0ba23b48b9f9 -> 
  custom:scripting/monoscript/fileName/UserInputPanel.cs: f0f55e62c1d13fe3826ece722790c66c -> 
  custom:scripting/monoscript/fileName/FluidSolver.cs: 0173fdff50de28b09a806c8787d88ee6 -> 
  custom:video-codec-MediaFoundation-h265: 746d11721c4dcdbdad8f713fa42b33f4 -> 
  custom:scripting/monoscript/fileName/Viewport.cs: 10a3d77deddfd498f6e5a66f2852c521 -> 
  custom:scripting/monoscript/fileName/ApplyDeltaJob.cs: ced3cfc3715e5eee04720b09945fc6ad -> 
  custom:scripting/monoscript/fileName/Mud.cs: 55a04cdf890d0ce83b65452c74aaefa7 -> 
  custom:video-decoder-ogg-theora: a1e56fd34408186e4bbccfd4996cb3dc -> 
  custom:scripting/monoscript/fileName/LevelCompleteScreen.cs: d0538113d6ba229f593666ae3cd546cb -> 
  custom:scripting/monoscript/fileName/SpriteCollectDisplay.cs: 15ae0b7a56506bfe5a0ceb50b6d8195f -> 
  custom:scripting/monoscript/fileName/DoColor.cs: dfe5e95eead8ae3fe2eea57b06a3f302 -> 
  custom:scripting/monoscript/fileName/FishDirectionalVisual.cs: adb66663d44b749b14c99a77c68c2ddd -> 
  custom:scripting/monoscript/fileName/FluidSoundFX.cs: 994a60adf8ce7488b0671ee909ab0915 -> 
  custom:CustomObjectIndexerAttribute: 9a22284fe3817be447336de3de66b15e -> 
  custom:scripting/monoscript/fileName/HorizontalFOV.cs: 5411d67c2888fc46d74295ea87d7e731 -> 
  custom:scripting/monoscript/fileName/PathSpawner.cs: aecd5aaffa5f20801702f4a79c66b063 -> 
  custom:container-demuxer-webm: 4f35f7cbe854078d1ac9338744f61a02 -> 
  custom:scripting/monoscript/fileName/Octopus.cs: 7ca047f43de5d3fdfd04793044eac4ea -> 
  custom:scripting/monoscript/fileName/DoRotation.cs: 17407d394cbe2c4fec434c548403a62d -> 
  custom:scripting/monoscript/fileName/EasingFunction.cs: 4e8ba2ccc9e670f761dd07f09e741c3b -> 
  custom:scripting/monoscript/fileName/BeeSpawner.cs: 54c1735b1136e6ea85accafc5c2f2525 -> 
  custom:scripting/monoscript/fileName/QuadFitToCamera.cs: f14263d74713ee41d29dcba9c43a947b -> 
  custom:scripting/monoscript/fileName/CameraFacingBillboard.cs: 31c9ef31d6ef567eb3a7c4cfa14b6ed2 -> 
  custom:scripting/monoscript/fileName/SettingsScreen.cs: 022846d0d98bd37417b6845586a6ae0b -> 
  custom:scripting/monoscript/fileName/Il2CppRuntime.cs: 244f7d57cad03fe2adf2c596c5ea1ab9 -> 
  custom:scripting/monoscript/fileName/SecondaryImageColor.cs: 4af5357547048614f4d91f59ea837fca -> 
  custom:scripting/monoscript/fileName/FluidRendererBase.cs: 29b56b244af137326af10d5ad46e436d -> 
  custom:scripting/monoscript/fileName/Float2Converter.cs: a99912774fd49daf1947a9df8effa3c7 -> 
  custom:scripting/monoscript/fileName/GeneratePathExample.cs: 73e678d27c71a8fc6feee56b52da0952 -> 
  custom:scripting/monoscript/fileName/ParticleInitData.cs: 234532be543e1c3a47e98b5f592733cf -> 
  custom:scripting/monoscript/fileName/Block.cs: 4144c6760f685f764b6c1527f6e9e551 -> 
  custom:scripting/monoscript/fileName/DoDelay.cs: 9af0086dcffa3cecd04e1a7905c4d340 -> 
  custom:scripting/monoscript/fileName/LevelSection.cs: f657affc61d43d13b62a17cba6dd5280 -> 
  custom:scripting/monoscript/fileName/SpongeSpawner.cs: 7e0fcc0d9f510d672ece58cd84bc5243 -> 
  custom:scripting/monoscript/fileName/RoadMeshCreator.cs: 82f4b30084c9949390aebece85f02ac9 -> 
  custom:scripting/monoscript/fileName/SavePage.cs: d23e773d786a36c8dd0de3607165fca2 -> 
  custom:scripting/monoscript/fileName/LogScroller.cs: 817704dcfdb892fd212798a1e4f92569 -> 
  custom:scripting/monoscript/fileName/LevelFailedScreen.cs: dbc57136664aee6bbe57e2295582cf4d -> 
  custom:scripting/monoscript/fileName/Level.cs: 56686763d1c2f6a62d3c32154950a8bd -> 
  custom:scripting/monoscript/fileName/WinScreen.cs: e08aa789944e7f8dc7aa94c9412c70dd -> 
  custom:scripting/monoscript/fileName/Propeller.cs: ce7137c101eb324a069df740d3285bf7 -> 
  custom:scripting/monoscript/fileName/CollectionManager.cs: d2268e346994562739303d9a15d8dfd2 -> 
  custom:scripting/monoscript/fileName/Loader.cs: b6e5236fa40abc04c5e5484dae0efffa -> 
  custom:scripting/monoscript/fileName/PlanarLineMeshCreator.cs: f04bc2e617474815affd85c667aaa4bf -> 
  custom:scripting/monoscript/fileName/OctUF_InitJob.cs: ff545d4ab30411c73e8ae4789c919510 -> 
  custom:scripting/monoscript/fileName/ElasticScale.cs: 2048dafd7f752810f89a51fb558efc98 -> 
  custom:scripting/precompiled-assembly-types:Facebook.Unity.Settings: 7371918e7e9d03100c5e259702bf8bdd -> 
  custom:scripting/monoscript/fileName/PowerUp.cs: 702b34b8d2cd6ca9c733669496ecc97b -> 
  custom:scripting/monoscript/fileName/PowerUpMergeTranslateJob.cs: 6fb8a417cce4102f876f02749daaa90e -> 
  custom:scripting/monoscript/fileName/OctUF_WriteRegionJob.cs: c2d3b799bee56d5d1d38c7fc918a4bcc -> 
  custom:video-encoder-webm-vp8: eb34c28f22e8b96e1ab97ce403110664 -> 
  custom:scripting/monoscript/fileName/CollectParticleData.cs: 14d3074792e61f8a399e0fe61a88757c -> 
  custom:scripting/monoscript/fileName/GoalData.cs: 6e1e32ead4ff6c72dc0ea20a8464f72c -> 
  custom:scripting/monoscript/fileName/MyTween.cs: e8bfa7ac8f064efc1ca3721df2bba07a -> 
  custom:scripting/precompiled-assembly-types:Facebook.Unity: 76548596af0c6e29d548b50c136ee0d8 -> 
  custom:scripting/monoscript/fileName/BlinkingEyes.cs: d1970d383c91540229c5dbd88c8761e1 -> 
  custom:scripting/monoscript/fileName/TapticManager.cs: c79589f2d1c26b0d52a6ee8ec184b53c -> 
  custom:scripting/monoscript/fileName/OctopusSpawner.cs: 5f9514b2161ca3aa89cce938bbd5c3ae -> 
  custom:scripting/monoscript/fileName/FailScreen.cs: 8e7ad7555ee063c07d11b71f786467be -> 
  custom:scripting/monoscript/fileName/FishSpawner.cs: 922de8b8e939807b2b925f214379fe5f -> 
  custom:scripting/monoscript/fileName/NumberFormatter.cs: 105f505a040b2c61c93f9705f09adb5a -> 
  custom:scripting/monoscript/fileName/FluidCompute.cs: 605b9fec31852029d389084460748141 -> 
  custom:scripting/monoscript/fileName/HSBColor.cs: ceab2c16bf15ddc45430e0250864807d -> 
  custom:scripting/monoscript/fileName/InterpolateChild.cs: 59370d1192e18e0d000c7a6ea6cf424d -> 
  custom:scripting/monoscript/fileName/Utility.cs: 7cfb6948d5ae666b3be6b090907bb53e -> 
  custom:scripting/monoscript/fileName/Caterpillar.cs: ced7a975a46e85f5bd98318c1844030e -> 
  custom:scripting/monoscript/fileName/UIIconGenerator.cs: 896a90314b609357a0cd3474599ea713 -> 
  custom:scripting/monoscript/fileName/Snow.cs: 4b8e389c0b0dd98755c90db18fd308dc -> 
  custom:scripting/monoscript/fileName/ConnectivityEventScript.cs: 7476d07ee91043ab9548a6746f69c7ae -> 
  custom:scripting/monoscript/fileName/Fish.cs: a6541b35be6a487dd018c2f58fc36e69 -> 
  custom:scripting/monoscript/fileName/Chain.cs: 1785b0d0247b2436eb20621b4dc36027 -> 
  custom:scripting/monoscript/fileName/ActivationEventScript.cs: 80a888d5374ef5da481e2e23a033dc70 -> 
  custom:scripting/monoscript/fileName/FluidCollectDisplay.cs: 576455387c0296a795d436252cece365 -> 
  custom:scripting/monoscript/fileName/RemoveParticleFX.cs: e4290330444ed9db30967feffec92262 -> 
  custom:scripting/monoscript/fileName/DemolitionEventScript.cs: 35f9cb9408660f9de0dcabbccde9c788 -> 
  custom:scripting/monoscript/fileName/Float3Converter.cs: 374a5f943152a2643193c837a5670087 -> 
========================================================================
Received Import Request.
  Time since last request: 82.337783 seconds.
  path: Assets/Plugins/Facebook.Unity.dll
  artifactKey: Guid(ffb7f3a55dc8314459cf26b4b64161a8) Importer(815301076,1909f56bfc062723c751e8b465ee728b)
Start importing Assets/Plugins/Facebook.Unity.dll using Guid(ffb7f3a55dc8314459cf26b4b64161a8) Importer(815301076,1909f56bfc062723c751e8b465ee728b) [PhysX] Initialized MultithreadedTaskDispatcher with 12 workers.
 -> (artifact id: '0b014ce5a78a5f24ee85695d1decb34a') in 0.002013 seconds
Number of updated asset objects reloaded before import = 0
Number of asset objects unloaded after import = 0
========================================================================
Received Prepare
Caller must complete domain reload
Begin MonoManager ReloadAssembly
Symbol file LoadedFromMemory is not a mono symbol file
- Loaded All Assemblies, in  0.630 seconds
Native extension for WindowsStandalone target not found
Native extension for iOS target not found
Native extension for Android target not found
Mono: successfully reloaded assembly
- Finished resetting the current domain, in  1.278 seconds
Domain Reload Profiling: 1903ms
	BeginReloadAssembly (170ms)
		ExecutionOrderSort (0ms)
		DisableScriptedObjects (12ms)
		BackupInstance (0ms)
		ReleaseScriptingObjects (0ms)
		CreateAndSetChildDomain (53ms)
	RebuildCommonClasses (28ms)
	RebuildNativeTypeToScriptingClass (9ms)
	initialDomainReloadingComplete (31ms)
	LoadAllAssembliesAndSetupDomain (387ms)
		LoadAssemblies (438ms)
		RebuildTransferFunctionScriptingTraits (0ms)
		AnalyzeDomain (22ms)
			TypeCache.Refresh (10ms)
				TypeCache.ScanAssembly (0ms)
			ScanForSourceGeneratedMonoScriptInfo (0ms)
			ResolveRequiredComponents (11ms)
	FinalizeReload (1278ms)
		ReleaseScriptCaches (0ms)
		RebuildScriptCaches (0ms)
		SetupLoadedEditorAssemblies (601ms)
			LogAssemblyErrors (0ms)
			InitializePlatformSupportModulesInManaged (25ms)
			SetLoadedEditorAssemblies (7ms)
			RefreshPlugins (0ms)
			BeforeProcessingInitializeOnLoad (149ms)
			ProcessInitializeOnLoadAttributes (338ms)
			ProcessInitializeOnLoadMethodAttributes (76ms)
			AfterProcessingInitializeOnLoad (6ms)
			EditorAssembliesLoaded (1ms)
		ExecutionOrderSort2 (0ms)
		AwakeInstancesAfterBackupRestoration (18ms)
WARNING: Shader Unsupported: 'Spine/Outline/SkeletonGraphic' - All subshaders removed
WARNING: Shader Did you use #pragma only_renderers and omit this platform?
WARNING: Shader If subshaders removal was intentional, you may have forgotten turning Fallback off?
WARNING: Shader Unsupported: 'Spine/Outline/SkeletonGraphic' - All subshaders removed
WARNING: Shader Did you use #pragma only_renderers and omit this platform?
WARNING: Shader If subshaders removal was intentional, you may have forgotten turning Fallback off?
WARNING: Shader Unsupported: 'Spine/Outline/Special/Skeleton Grayscale' - All subshaders removed
WARNING: Shader Did you use #pragma only_renderers and omit this platform?
WARNING: Shader If subshaders removal was intentional, you may have forgotten turning Fallback off?
WARNING: Shader Unsupported: 'Spine/Outline/Special/Skeleton Grayscale' - All subshaders removed
WARNING: Shader Did you use #pragma only_renderers and omit this platform?
WARNING: Shader If subshaders removal was intentional, you may have forgotten turning Fallback off?
WARNING: Shader Unsupported: 'Spine/Outline/Sprite/Vertex Lit' - All subshaders removed
WARNING: Shader Did you use #pragma only_renderers and omit this platform?
WARNING: Shader If subshaders removal was intentional, you may have forgotten turning Fallback off?
WARNING: Shader Unsupported: 'Spine/Outline/Sprite/Vertex Lit' - All subshaders removed
WARNING: Shader Did you use #pragma only_renderers and omit this platform?
WARNING: Shader If subshaders removal was intentional, you may have forgotten turning Fallback off?
WARNING: Shader Unsupported: 'Spine/Outline/SkeletonGraphic Tint Black' - All subshaders removed
WARNING: Shader Did you use #pragma only_renderers and omit this platform?
WARNING: Shader If subshaders removal was intentional, you may have forgotten turning Fallback off?
WARNING: Shader Unsupported: 'Spine/Outline/SkeletonGraphic Tint Black' - All subshaders removed
WARNING: Shader Did you use #pragma only_renderers and omit this platform?
WARNING: Shader If subshaders removal was intentional, you may have forgotten turning Fallback off?
WARNING: Shader Unsupported: 'Spine/Outline/Skeleton Lit ZWrite' - All subshaders removed
WARNING: Shader Did you use #pragma only_renderers and omit this platform?
WARNING: Shader If subshaders removal was intentional, you may have forgotten turning Fallback off?
WARNING: Shader Unsupported: 'Spine/Outline/Skeleton Lit ZWrite' - All subshaders removed
WARNING: Shader Did you use #pragma only_renderers and omit this platform?
WARNING: Shader If subshaders removal was intentional, you may have forgotten turning Fallback off?
WARNING: Shader Unsupported: 'Spine/Outline/Skeleton Fill' - All subshaders removed
WARNING: Shader Did you use #pragma only_renderers and omit this platform?
WARNING: Shader If subshaders removal was intentional, you may have forgotten turning Fallback off?
WARNING: Shader Unsupported: 'Spine/Outline/Skeleton Fill' - All subshaders removed
WARNING: Shader Did you use #pragma only_renderers and omit this platform?
WARNING: Shader If subshaders removal was intentional, you may have forgotten turning Fallback off?
WARNING: Shader Unsupported: 'Spine/Outline/Blend Modes/Skeleton PMA Additive' - All subshaders removed
WARNING: Shader Did you use #pragma only_renderers and omit this platform?
WARNING: Shader If subshaders removal was intentional, you may have forgotten turning Fallback off?
WARNING: Shader Unsupported: 'Spine/Outline/Blend Modes/Skeleton PMA Additive' - All subshaders removed
WARNING: Shader Did you use #pragma only_renderers and omit this platform?
WARNING: Shader If subshaders removal was intentional, you may have forgotten turning Fallback off?
WARNING: Shader Unsupported: 'Spine/Outline/Skeleton Lit' - All subshaders removed
WARNING: Shader Did you use #pragma only_renderers and omit this platform?
WARNING: Shader If subshaders removal was intentional, you may have forgotten turning Fallback off?
WARNING: Shader Unsupported: 'Spine/Outline/Skeleton Lit' - All subshaders removed
WARNING: Shader Did you use #pragma only_renderers and omit this platform?
WARNING: Shader If subshaders removal was intentional, you may have forgotten turning Fallback off?
WARNING: Shader Unsupported: 'Spine/Outline/Sprite/Unlit' - All subshaders removed
WARNING: Shader Did you use #pragma only_renderers and omit this platform?
WARNING: Shader If subshaders removal was intentional, you may have forgotten turning Fallback off?
WARNING: Shader Unsupported: 'Spine/Outline/Sprite/Unlit' - All subshaders removed
WARNING: Shader Did you use #pragma only_renderers and omit this platform?
WARNING: Shader If subshaders removal was intentional, you may have forgotten turning Fallback off?
WARNING: Shader Unsupported: 'Spine/Outline/Skeleton Tint' - All subshaders removed
WARNING: Shader Did you use #pragma only_renderers and omit this platform?
WARNING: Shader If subshaders removal was intentional, you may have forgotten turning Fallback off?
WARNING: Shader Unsupported: 'Spine/Outline/Skeleton Tint' - All subshaders removed
WARNING: Shader Did you use #pragma only_renderers and omit this platform?
WARNING: Shader If subshaders removal was intentional, you may have forgotten turning Fallback off?
WARNING: Shader Unsupported: 'Spine/Outline/Sprite/Pixel Lit' - All subshaders removed
WARNING: Shader Did you use #pragma only_renderers and omit this platform?
WARNING: Shader If subshaders removal was intentional, you may have forgotten turning Fallback off?
WARNING: Shader Unsupported: 'Spine/Outline/Sprite/Pixel Lit' - All subshaders removed
WARNING: Shader Did you use #pragma only_renderers and omit this platform?
WARNING: Shader If subshaders removal was intentional, you may have forgotten turning Fallback off?
WARNING: Shader Unsupported: 'Spine/Outline/Skeleton' - All subshaders removed
WARNING: Shader Did you use #pragma only_renderers and omit this platform?
WARNING: Shader If subshaders removal was intentional, you may have forgotten turning Fallback off?
WARNING: Shader Unsupported: 'Spine/Outline/Skeleton' - All subshaders removed
WARNING: Shader Did you use #pragma only_renderers and omit this platform?
WARNING: Shader If subshaders removal was intentional, you may have forgotten turning Fallback off?
WARNING: Shader Unsupported: 'Spine/Outline/Blend Modes/Skeleton PMA Screen' - All subshaders removed
WARNING: Shader Did you use #pragma only_renderers and omit this platform?
WARNING: Shader If subshaders removal was intentional, you may have forgotten turning Fallback off?
WARNING: Shader Unsupported: 'Spine/Outline/Blend Modes/Skeleton PMA Screen' - All subshaders removed
WARNING: Shader Did you use #pragma only_renderers and omit this platform?
WARNING: Shader If subshaders removal was intentional, you may have forgotten turning Fallback off?
WARNING: Shader Unsupported: 'Spine/Outline/Skeleton Tint Black' - All subshaders removed
WARNING: Shader Did you use #pragma only_renderers and omit this platform?
WARNING: Shader If subshaders removal was intentional, you may have forgotten turning Fallback off?
WARNING: Shader Unsupported: 'Spine/Outline/Skeleton Tint Black' - All subshaders removed
WARNING: Shader Did you use #pragma only_renderers and omit this platform?
WARNING: Shader If subshaders removal was intentional, you may have forgotten turning Fallback off?
WARNING: Shader Unsupported: 'Spine/Outline/Blend Modes/Skeleton PMA Multiply' - All subshaders removed
WARNING: Shader Did you use #pragma only_renderers and omit this platform?
WARNING: Shader If subshaders removal was intentional, you may have forgotten turning Fallback off?
WARNING: Shader Unsupported: 'Spine/Outline/Blend Modes/Skeleton PMA Multiply' - All subshaders removed
WARNING: Shader Did you use #pragma only_renderers and omit this platform?
WARNING: Shader If subshaders removal was intentional, you may have forgotten turning Fallback off?
Refreshing native plugins compatible for Editor in 19.49 ms, found 4 plugins.
Preloading 0 native plugins for Editor in 0.00 ms.
Unloading 6791 Unused Serialized files (Serialized files now loaded: 0)
Unloading 42 unused Assets / (1.3 MB). Loaded Objects now: 7482.
Memory consumption went from 214.3 MB to 213.0 MB.
Total: 8.256300 ms (FindLiveObjects: 0.596300 ms CreateObjectMapping: 0.458800 ms MarkObjects: 5.842200 ms  DeleteObjects: 1.357800 ms)

Prepare: number of updated asset objects reloaded= 0
AssetImportParameters requested are different than current active one (requested -> active):
  custom:scripting/monoscript/fileName/PathFollower.cs: 30c16a1f27a8ff2cea4b196aa739f22b -> 
  custom:scripting/monoscript/fileName/Water.cs: 47d36fddd9c06776acd1b9d4bad18ce4 -> 
  custom:scripting/monoscript/fileName/AudioMixerPostprocessor.cs: fea92e2fedeb3e955711de4d33dc011c -> 
  custom:scripting/monoscript/fileName/FixedFluid.cs: e8b3b51eca42b0b2b1499b798d32399e -> 
  custom:scripting/monoscript/fileName/FixedRadiusNeighborSearchJob.cs: 75dc8a66236188d4230fd9d110ec4621 -> 
  custom:container-demuxer-ogg: 62fdf1f143b41e24485cea50d1cbac27 -> 
  custom:scripting/monoscript/fileName/Menu.cs: 6a6b6f10406332b78ded19ddc96541c7 -> 
  custom:scripting/monoscript/fileName/DensityJob.cs: 97d16c96e154b778bab78cee9307fe8b -> 
  custom:scripting/monoscript/fileName/PathPlacer.cs: bcf225ebf4e9e956635b4f53e47fd6d1 -> 
  custom:scripting/monoscript/fileName/SpecialFluid.cs: dc1a804a0a09e3e68285359c87e6b52c -> 
  custom:scripting/precompiled-assembly-types:Facebook.Unity.IOS: 19755ab32345301756071e487004644c -> 
  custom:scripting/monoscript/fileName/AudioManager.cs: e8310be4479956b7ccf5d41d9f0f6e53 -> 
  custom:scripting/monoscript/fileName/AddressAttribute.cs: 05abc5fa8802f39a615c16623c7dc9e6 -> 
  custom:scripting/monoscript/fileName/ClearDeltaJob.cs: b25411f7dfbe97cfe3fedee493bf1e07 -> 
  custom:scripting/monoscript/fileName/Cpp2ILHelpers.cs: d5322db5289bad64d0a2d3038173207a -> 
  custom:scripting/monoscript/fileName/AddRigidComponent.cs: 5cfe8c1163d2120231d1a60a9187bef2 -> 
  custom:scripting/monoscript/fileName/SplashEffect.cs: 56c37332bcfdc0b69bf23ffd84b0cb9b -> 
  custom:scripting/monoscript/fileName/TextPopEffect.cs: a568096c34fcbf4a332c0e2cedc3c125 -> 
  custom:scripting/monoscript/fileName/Tween.cs: 29ccc41826acec4f27b1cb33d266c690 -> 
  custom:framework-win-MediaFoundation: 216162199b28c13a410421893ffa2e32 -> 
  custom:scripting/monoscript/fileName/WaterDensityJob.cs: ba7f15ba67decc70bd7308793379c4aa -> 
  custom:scripting/monoscript/fileName/ParticleQueueData.cs: 30c0dc0e994da04a4cb5408e3d344ff9 -> 
  custom:scripting/monoscript/fileName/PathCollider2D.cs: 06533b777409c1f1010218037eee84a9 -> 
  custom:scripting/monoscript/fileName/ApplicationData.cs: 9effcfd0ce3162977bad1781620f9106 -> 
  custom:scripting/monoscript/fileName/PressureJob.cs: 0604085a716d6a7a0c50ab176e6bc3b9 -> 
  custom:scripting/monoscript/fileName/Ice.cs: cd95ffbb2f35ffc5893e2a2c99c1b11a -> 
  custom:scripting/monoscript/fileName/DoFloat.cs: 55b0e08a37a831d0420320b38cc2e13f -> 
  custom:scripting/monoscript/fileName/OctopusHeadCohesionJob.cs: a2446c4ab6f6996494ee750594bdb9a1 -> 
  custom:scripting/monoscript/fileName/HueColorCycle.cs: 15e75555f93bd44d2d6bb3f058c4a1eb -> 
  custom:scripting/monoscript/fileName/PlayerData.cs: b049d9460687d3638acb6ba01fbbf85d -> 3d84b63f3767a72fc8125a519f7eef54
  custom:scripting/monoscript/fileName/CaterpillarSpawner.cs: 747a1198a5dc106ef4abf9c6ec58d5a5 -> 
  custom:scripting/monoscript/fileName/FluidDisplay.cs: 766ed52bfc5d7714782ae4791d4b506e -> 
  custom:scripting/monoscript/fileName/Lock.cs: 6e48627702aeabfc269d8ffae8d16237 -> 
  custom:scripting/monoscript/fileName/RotatingSpecialFluid.cs: 6f988e7bc04dcbc0d5286ebb60bbf092 -> 
  custom:scripting/monoscript/fileName/CylinderMeshCreator.cs: 7eec2893b5ae89ce232df82320de6719 -> 
  custom:scripting/monoscript/fileName/UIState.cs: 5ca049af107384855fee205e98e3fdcd -> 
  custom:scripting/monoscript/fileName/Butterfly.cs: 4f804cf0d8151c67487bc6813bdeca41 -> 
  custom:scripting/monoscript/fileName/ConfettiScreen.cs: ed4c16a13f89cfb0866824c801d835d4 -> 
  custom:scripting/precompiled-assembly-types:GameAnalyticsSDK: 1d1d894ca838e7141382c1d676b57975 -> 
  custom:scripting/monoscript/fileName/SettingsMenu.cs: 5998da193e19bba9a80245c370fc3810 -> 
  custom:scripting/monoscript/fileName/SDFTextureGenerator.cs: 8fb16005cbd13aa97a5f1d58995fc037 -> 
  custom:scripting/monoscript/fileName/SpecialFluidSpawner.cs: f60afa3143a6910c1f36917346035e07 -> 
  custom:scripting/monoscript/fileName/PathSceneToolEditor.cs: 641cadc2661c2c0cebd6b4bd914aa0f2 -> 
  custom:scripting/monoscript/fileName/ClearByteJob.cs: 7cdc70b6c4c85ed88e6e8aab3ece458b -> 
  custom:scripting/monoscript/fileName/OctopusBodyCohesionJob.cs: dac92914c8ea952ca4be44072603b282 -> 
  custom:scripting/monoscript/fileName/GameplayScreen.cs: 667347d3239b97318a91eca7fa6fedc0 -> 
  custom:scripting/monoscript/fileName/TokenAttribute.cs: 526ecdd76f296923b9d238dc78fec9c0 -> 
  custom:scripting/monoscript/fileName/Singleton.cs: f4b867811f420ce1e7db5ea6af289bb7 -> 90647cc400823b41df847a6cbfc29026
  custom:container-muxer-webm: aa71ff27fc2769a1b78a27578f13a17b -> 
  custom:scripting/monoscript/fileName/ViscosityJob.cs: fb2f7bf2ac7163c16a30bbf847db4437 -> 
  custom:scripting/monoscript/fileName/ImageSliceWithUV.cs: 2ac212ba260301fcf9ffc22c566e7b0a -> 
  custom:video-decoder-webm-vp8: 9c59270c3fd7afecdb556c50c9e8de78 -> 
  custom:scripting/monoscript/fileName/FloatConverter.cs: 90647cc400823b41df847a6cbfc29026 -> 
  custom:scripting/monoscript/fileName/UIButtonStyler.cs: 8f0b26656cd59141973cafe91f05635e -> 
  custom:scripting/monoscript/fileName/LevelSequenceManager.cs: aed1233fcf22ffb545af79365deb965c -> 
  custom:scripting/monoscript/fileName/CollectSprite.cs: a87c5cf650fdd36a511d51e6cc1f36ff -> 
  custom:scripting/monoscript/fileName/IntegrateJob.cs: e2d2280989a2b04de87e3c4d97782c2e -> 
  custom:scripting/monoscript/fileName/BlobCohesionJob.cs: f896e09edea5a8a1a27d893b45ca2f98 -> 
  custom:SearchIndexIgnoredProperties: e643bd26f0fe6173181afceb89e7c659 -> 
  custom:AudioImporter_EditorPlatform: d09bf68614088b80899f8185d706f6e7 -> 
  custom:scripting/monoscript/fileName/Clump.cs: 29b6da6786c5aab461f1cca7e475dce5 -> 
  custom:scripting/monoscript/fileName/FluidPhysicsCoupler.cs: c044cc89f319dcc145983e7efaa72f5f -> 
  custom:scripting/monoscript/fileName/CollectRegionTextEffect.cs: d76618d3e117721974ffda24613e4a70 -> 
  custom:scripting/monoscript/fileName/Honey.cs: 6e2fe8d9492eb2cd8d48cd2dc12c7481 -> 
  custom:scripting/monoscript/fileName/CoinsScreen.cs: c7cd5d1f3368dc6d0b2b6c6616c4b579 -> 
  custom:scripting/monoscript/fileName/NativeSourceAttribute.cs: b050fb6a02df5d6acf0c9a7e6eed1f0e -> 
  custom:scripting/monoscript/fileName/PredictJob.cs: 180ae3d423f87193078e6d55d2805157 -> 
  custom:scripting/monoscript/fileName/ApplicationManager.cs: 6100f98dc72a5824900b7fa765f78bcb -> 
  custom:scripting/monoscript/fileName/Bee.cs: c2337d4266dbe6df48f348a8881efe88 -> 
  custom:scripting/monoscript/fileName/FluidInteractions.cs: 0d533b955138b48a582e869007dd1c7e -> 
  custom:scripting/monoscript/fileName/InputSystemWarning.cs: 61b47bbf8092ae28d74118e5fe034e1c -> 
  custom:scripting/monoscript/fileName/BuoyancyJob.cs: 84a0777cebf5813267d91aa352d14cd8 -> 
  custom:scripting/monoscript/fileName/FadingEventScript.cs: 3dffe1822b5cc6f7560127c913518b92 -> 
  custom:scripting/monoscript/fileName/GoalUI.cs: 67c8e93792667363bbe3b477636d06a8 -> 
  custom:scripting/monoscript/fileName/TintScreen.cs: 618fc320637a8c09e346a0bbf7a09e4d -> 
  custom:scripting/monoscript/fileName/UIButtonStyle.cs: ece3cb458f0b84e9e1b8b3186edf78e4 -> 
  custom:audio-decoder-ogg-vorbis: bf7c407c2cedff20999df2af8eb42d56 -> 
  custom:scripting/monoscript/fileName/__JobReflectionRegistrationOutput__1221673671587648887.cs: 93328787fabb34f9d55166ad9aa7d1ee -> 
  custom:scripting/monoscript/fileName/CoinParticle.cs: 33fc31af2630378ef2a81ce7d2a52688 -> 
  custom:scripting/monoscript/fileName/LevelIntroScreen.cs: ccfaad0341bd8a443738ddc35e936f33 -> 
  custom:scripting/monoscript/fileName/PathSceneTool.cs: d23027e6f2a9b1ba86976e141dc12b98 -> 
  custom:scripting/monoscript/fileName/DoVector.cs: 8901fd62dd266773104f60e6eda29a3c -> 
  custom:scripting/monoscript/fileName/HashUtil.cs: 1dcae0507106bac4a7e4d55398924ee7 -> 
  custom:scripting/monoscript/fileName/FieldOffsetAttribute.cs: 76d479e1a0df275c8dfcb86c04622e25 -> 
  custom:scripting/monoscript/fileName/AudioClipSettings.cs: 837f354ab961ea2a15471fb5cb6acb3f -> 
  custom:scripting/monoscript/fileName/TransitionScreen.cs: a569ee698fa6701a0e3d5bdbb3a2dcfd -> 
  custom:audio-encoder-webm-vorbis: bf7c407c2cedff20999df2af8eb42d56 -> 
  custom:scripting/precompiled-assembly-types:Assembly-CSharp-Editor: 3a9ff61bebf9b87c16505e50216b001e -> 
  custom:scripting/precompiled-assembly-types:Assembly-CSharp: 6b5faa128054ab4c267c4dcf2200c928 -> 
  custom:scripting/monoscript/fileName/SPHKernels.cs: 6abe6bb24acc565ff981c9171279e1c3 -> 
  custom:scripting/monoscript/fileName/Stone.cs: 1cc907ad037df73fef4436d844e8ea54 -> 
  custom:scripting/monoscript/fileName/SDFCollider.cs: 603c7592c9dd4c8c07a7eafb1014ebfb -> 
  custom:scripting/monoscript/fileName/MainPage.cs: c129f0c65b8d9c41034d767db532f547 -> 
  custom:scripting/monoscript/fileName/TranslateScript.cs: 64dfd55678f8170683e35feaffd5446c -> 
  custom:scripting/monoscript/fileName/GameBehaviour.cs: db9a2c24ce57d9f65fd93edf3e572400 -> 
  custom:scripting/monoscript/fileName/InputPanelScreen.cs: ef8ca976223475b4094c565208d950bc -> 
  custom:scripting/monoscript/fileName/GameUIManager.cs: 86a69fcfcfd19a8f24740b434b069a4d -> 
  custom:scripting/monoscript/fileName/UIButton.cs: 4e02ea3fe0adc9df93efc8249c29faeb -> 
  custom:scripting/monoscript/fileName/OctUF_FlagHeadJob.cs: 2a8469c3020b91f1be61387f2a79eef9 -> 
  custom:scripting/monoscript/fileName/OctUF_UnionJob.cs: 0eaf1302a9424eb3e64b37a9dc627e14 -> 
  custom:scripting/monoscript/fileName/SplashDownJob.cs: 792b26a134067d7a0186317e69ef6549 -> 
  custom:scripting/monoscript/fileName/ApplyDamageScript.cs: 8a6eeac0abfc8e6bcb5548d6504325b3 -> 
  custom:scripting/monoscript/fileName/JsonHelper.cs: 8a92f32b1bee6bbad752db4e62471d0c -> 0b5759f67f92e2eb09febb2082aca955
  custom:scripting/monoscript/fileName/AudioClipManager.cs: ec6f4ef80a0a5fbf284f0d8637264ab7 -> 
  custom:scripting/monoscript/fileName/GameManager.cs: b72fde0e4713e5b022e37ef0c3f02453 -> 
  custom:scripting/monoscript/fileName/Sponge.cs: 86ef37e94027733653600a38c7a451b6 -> 
  custom:scripting/monoscript/fileName/IdGenerator.cs: d9618b905cbee3f7cd0e0ba23b48b9f9 -> 
  custom:scripting/monoscript/fileName/UserInputPanel.cs: f0f55e62c1d13fe3826ece722790c66c -> 
  custom:scripting/monoscript/fileName/FluidSolver.cs: 0173fdff50de28b09a806c8787d88ee6 -> 
  custom:video-codec-MediaFoundation-h265: 746d11721c4dcdbdad8f713fa42b33f4 -> 
  custom:scripting/monoscript/fileName/Viewport.cs: 10a3d77deddfd498f6e5a66f2852c521 -> 
  custom:scripting/monoscript/fileName/ApplyDeltaJob.cs: ced3cfc3715e5eee04720b09945fc6ad -> 
  custom:scripting/monoscript/fileName/Mud.cs: 55a04cdf890d0ce83b65452c74aaefa7 -> 
  custom:video-decoder-ogg-theora: a1e56fd34408186e4bbccfd4996cb3dc -> 
  custom:scripting/monoscript/fileName/LevelCompleteScreen.cs: d0538113d6ba229f593666ae3cd546cb -> 
  custom:scripting/monoscript/fileName/SpriteCollectDisplay.cs: 15ae0b7a56506bfe5a0ceb50b6d8195f -> 
  custom:scripting/monoscript/fileName/DoColor.cs: dfe5e95eead8ae3fe2eea57b06a3f302 -> 
  custom:scripting/monoscript/fileName/FishDirectionalVisual.cs: adb66663d44b749b14c99a77c68c2ddd -> 
  custom:scripting/monoscript/fileName/FluidSoundFX.cs: 994a60adf8ce7488b0671ee909ab0915 -> 
  custom:CustomObjectIndexerAttribute: 9a22284fe3817be447336de3de66b15e -> 
  custom:scripting/monoscript/fileName/HorizontalFOV.cs: 5411d67c2888fc46d74295ea87d7e731 -> 
  custom:scripting/monoscript/fileName/PathSpawner.cs: aecd5aaffa5f20801702f4a79c66b063 -> 
  custom:container-demuxer-webm: 4f35f7cbe854078d1ac9338744f61a02 -> 
  custom:scripting/monoscript/fileName/Octopus.cs: 7ca047f43de5d3fdfd04793044eac4ea -> 
  custom:scripting/monoscript/fileName/DoRotation.cs: 17407d394cbe2c4fec434c548403a62d -> 
  custom:scripting/monoscript/fileName/EasingFunction.cs: 4e8ba2ccc9e670f761dd07f09e741c3b -> 
  custom:scripting/monoscript/fileName/BeeSpawner.cs: 54c1735b1136e6ea85accafc5c2f2525 -> 
  custom:scripting/monoscript/fileName/QuadFitToCamera.cs: f14263d74713ee41d29dcba9c43a947b -> 
  custom:scripting/monoscript/fileName/CameraFacingBillboard.cs: 31c9ef31d6ef567eb3a7c4cfa14b6ed2 -> 
  custom:scripting/monoscript/fileName/SettingsScreen.cs: 022846d0d98bd37417b6845586a6ae0b -> 
  custom:scripting/monoscript/fileName/Il2CppRuntime.cs: 244f7d57cad03fe2adf2c596c5ea1ab9 -> 
  custom:scripting/monoscript/fileName/SecondaryImageColor.cs: 4af5357547048614f4d91f59ea837fca -> 
  custom:scripting/monoscript/fileName/FluidRendererBase.cs: 29b56b244af137326af10d5ad46e436d -> 
  custom:scripting/monoscript/fileName/Float2Converter.cs: a99912774fd49daf1947a9df8effa3c7 -> 
  custom:scripting/monoscript/fileName/GeneratePathExample.cs: 73e678d27c71a8fc6feee56b52da0952 -> 
  custom:scripting/monoscript/fileName/ParticleInitData.cs: 234532be543e1c3a47e98b5f592733cf -> 
  custom:scripting/monoscript/fileName/Block.cs: 4144c6760f685f764b6c1527f6e9e551 -> 
  custom:scripting/monoscript/fileName/DoDelay.cs: 9af0086dcffa3cecd04e1a7905c4d340 -> 
  custom:scripting/monoscript/fileName/LevelSection.cs: f657affc61d43d13b62a17cba6dd5280 -> 
  custom:scripting/monoscript/fileName/SpongeSpawner.cs: 7e0fcc0d9f510d672ece58cd84bc5243 -> 
  custom:scripting/monoscript/fileName/RoadMeshCreator.cs: 82f4b30084c9949390aebece85f02ac9 -> 
  custom:scripting/monoscript/fileName/SavePage.cs: d23e773d786a36c8dd0de3607165fca2 -> 
  custom:scripting/monoscript/fileName/LogScroller.cs: 817704dcfdb892fd212798a1e4f92569 -> 
  custom:scripting/monoscript/fileName/LevelFailedScreen.cs: dbc57136664aee6bbe57e2295582cf4d -> 
  custom:scripting/monoscript/fileName/Level.cs: 56686763d1c2f6a62d3c32154950a8bd -> 
  custom:scripting/monoscript/fileName/WinScreen.cs: e08aa789944e7f8dc7aa94c9412c70dd -> 
  custom:scripting/monoscript/fileName/Propeller.cs: ce7137c101eb324a069df740d3285bf7 -> 
  custom:scripting/monoscript/fileName/CollectionManager.cs: d2268e346994562739303d9a15d8dfd2 -> 
  custom:scripting/monoscript/fileName/Loader.cs: b6e5236fa40abc04c5e5484dae0efffa -> 
  custom:scripting/monoscript/fileName/PlanarLineMeshCreator.cs: f04bc2e617474815affd85c667aaa4bf -> 
  custom:scripting/monoscript/fileName/OctUF_InitJob.cs: ff545d4ab30411c73e8ae4789c919510 -> 
  custom:scripting/monoscript/fileName/ElasticScale.cs: 2048dafd7f752810f89a51fb558efc98 -> 
  custom:scripting/precompiled-assembly-types:Facebook.Unity.Settings: 7371918e7e9d03100c5e259702bf8bdd -> 
  custom:scripting/monoscript/fileName/PowerUp.cs: 702b34b8d2cd6ca9c733669496ecc97b -> 
  custom:scripting/monoscript/fileName/PowerUpMergeTranslateJob.cs: 6fb8a417cce4102f876f02749daaa90e -> 
  custom:scripting/monoscript/fileName/OctUF_WriteRegionJob.cs: c2d3b799bee56d5d1d38c7fc918a4bcc -> 
  custom:video-encoder-webm-vp8: eb34c28f22e8b96e1ab97ce403110664 -> 
  custom:scripting/monoscript/fileName/CollectParticleData.cs: 14d3074792e61f8a399e0fe61a88757c -> 
  custom:scripting/monoscript/fileName/GoalData.cs: 6e1e32ead4ff6c72dc0ea20a8464f72c -> 
  custom:scripting/monoscript/fileName/MyTween.cs: e8bfa7ac8f064efc1ca3721df2bba07a -> 
  custom:scripting/precompiled-assembly-types:Facebook.Unity: 76548596af0c6e29d548b50c136ee0d8 -> 
  custom:scripting/monoscript/fileName/BlinkingEyes.cs: d1970d383c91540229c5dbd88c8761e1 -> 
  custom:scripting/monoscript/fileName/TapticManager.cs: c79589f2d1c26b0d52a6ee8ec184b53c -> 
  custom:scripting/monoscript/fileName/OctopusSpawner.cs: 5f9514b2161ca3aa89cce938bbd5c3ae -> 
  custom:scripting/monoscript/fileName/FailScreen.cs: 8e7ad7555ee063c07d11b71f786467be -> 
  custom:scripting/monoscript/fileName/FishSpawner.cs: 922de8b8e939807b2b925f214379fe5f -> 
  custom:scripting/monoscript/fileName/NumberFormatter.cs: 105f505a040b2c61c93f9705f09adb5a -> 
  custom:scripting/monoscript/fileName/FluidCompute.cs: 605b9fec31852029d389084460748141 -> 
  custom:scripting/monoscript/fileName/HSBColor.cs: ceab2c16bf15ddc45430e0250864807d -> 
  custom:scripting/monoscript/fileName/InterpolateChild.cs: 59370d1192e18e0d000c7a6ea6cf424d -> 
  custom:scripting/monoscript/fileName/Utility.cs: 7cfb6948d5ae666b3be6b090907bb53e -> 
  custom:scripting/monoscript/fileName/Caterpillar.cs: ced7a975a46e85f5bd98318c1844030e -> 
  custom:scripting/monoscript/fileName/UIIconGenerator.cs: 896a90314b609357a0cd3474599ea713 -> 
  custom:scripting/monoscript/fileName/Snow.cs: 4b8e389c0b0dd98755c90db18fd308dc -> 
  custom:scripting/monoscript/fileName/ConnectivityEventScript.cs: 7476d07ee91043ab9548a6746f69c7ae -> 
  custom:scripting/monoscript/fileName/Fish.cs: a6541b35be6a487dd018c2f58fc36e69 -> 
  custom:scripting/monoscript/fileName/Chain.cs: 1785b0d0247b2436eb20621b4dc36027 -> 
  custom:scripting/monoscript/fileName/ActivationEventScript.cs: 80a888d5374ef5da481e2e23a033dc70 -> 
  custom:scripting/monoscript/fileName/FluidCollectDisplay.cs: 576455387c0296a795d436252cece365 -> 
  custom:scripting/monoscript/fileName/RemoveParticleFX.cs: e4290330444ed9db30967feffec92262 -> 
  custom:scripting/monoscript/fileName/DemolitionEventScript.cs: 35f9cb9408660f9de0dcabbccde9c788 -> 
  custom:scripting/monoscript/fileName/Float3Converter.cs: 374a5f943152a2643193c837a5670087 -> 
========================================================================
Received Prepare
Caller must complete domain reload
Begin MonoManager ReloadAssembly
Symbol file LoadedFromMemory is not a mono symbol file
- Loaded All Assemblies, in  0.814 seconds
Native extension for WindowsStandalone target not found
Native extension for iOS target not found
Native extension for Android target not found
Mono: successfully reloaded assembly
- Finished resetting the current domain, in  1.161 seconds
Domain Reload Profiling: 1971ms
	BeginReloadAssembly (196ms)
		ExecutionOrderSort (0ms)
		DisableScriptedObjects (13ms)
		BackupInstance (0ms)
		ReleaseScriptingObjects (0ms)
		CreateAndSetChildDomain (56ms)
	RebuildCommonClasses (34ms)
	RebuildNativeTypeToScriptingClass (9ms)
	initialDomainReloadingComplete (32ms)
	LoadAllAssembliesAndSetupDomain (539ms)
		LoadAssemblies (445ms)
		RebuildTransferFunctionScriptingTraits (0ms)
		AnalyzeDomain (188ms)
			TypeCache.Refresh (143ms)
				TypeCache.ScanAssembly (124ms)
			ScanForSourceGeneratedMonoScriptInfo (35ms)
			ResolveRequiredComponents (9ms)
	FinalizeReload (1162ms)
		ReleaseScriptCaches (0ms)
		RebuildScriptCaches (0ms)
		SetupLoadedEditorAssemblies (580ms)
			LogAssemblyErrors (0ms)
			InitializePlatformSupportModulesInManaged (27ms)
			SetLoadedEditorAssemblies (5ms)
			RefreshPlugins (0ms)
			BeforeProcessingInitializeOnLoad (159ms)
			ProcessInitializeOnLoadAttributes (314ms)
			ProcessInitializeOnLoadMethodAttributes (69ms)
			AfterProcessingInitializeOnLoad (5ms)
			EditorAssembliesLoaded (1ms)
		ExecutionOrderSort2 (0ms)
		AwakeInstancesAfterBackupRestoration (14ms)
WARNING: Shader Unsupported: 'Spine/Outline/SkeletonGraphic' - All subshaders removed
WARNING: Shader Did you use #pragma only_renderers and omit this platform?
WARNING: Shader If subshaders removal was intentional, you may have forgotten turning Fallback off?
WARNING: Shader Unsupported: 'Spine/Outline/SkeletonGraphic' - All subshaders removed
WARNING: Shader Did you use #pragma only_renderers and omit this platform?
WARNING: Shader If subshaders removal was intentional, you may have forgotten turning Fallback off?
WARNING: Shader Unsupported: 'Spine/Outline/Special/Skeleton Grayscale' - All subshaders removed
WARNING: Shader Did you use #pragma only_renderers and omit this platform?
WARNING: Shader If subshaders removal was intentional, you may have forgotten turning Fallback off?
WARNING: Shader Unsupported: 'Spine/Outline/Special/Skeleton Grayscale' - All subshaders removed
WARNING: Shader Did you use #pragma only_renderers and omit this platform?
WARNING: Shader If subshaders removal was intentional, you may have forgotten turning Fallback off?
WARNING: Shader Unsupported: 'Spine/Outline/Sprite/Vertex Lit' - All subshaders removed
WARNING: Shader Did you use #pragma only_renderers and omit this platform?
WARNING: Shader If subshaders removal was intentional, you may have forgotten turning Fallback off?
WARNING: Shader Unsupported: 'Spine/Outline/Sprite/Vertex Lit' - All subshaders removed
WARNING: Shader Did you use #pragma only_renderers and omit this platform?
WARNING: Shader If subshaders removal was intentional, you may have forgotten turning Fallback off?
WARNING: Shader Unsupported: 'Spine/Outline/SkeletonGraphic Tint Black' - All subshaders removed
WARNING: Shader Did you use #pragma only_renderers and omit this platform?
WARNING: Shader If subshaders removal was intentional, you may have forgotten turning Fallback off?
WARNING: Shader Unsupported: 'Spine/Outline/SkeletonGraphic Tint Black' - All subshaders removed
WARNING: Shader Did you use #pragma only_renderers and omit this platform?
WARNING: Shader If subshaders removal was intentional, you may have forgotten turning Fallback off?
WARNING: Shader Unsupported: 'Spine/Outline/Skeleton Lit ZWrite' - All subshaders removed
WARNING: Shader Did you use #pragma only_renderers and omit this platform?
WARNING: Shader If subshaders removal was intentional, you may have forgotten turning Fallback off?
WARNING: Shader Unsupported: 'Spine/Outline/Skeleton Lit ZWrite' - All subshaders removed
WARNING: Shader Did you use #pragma only_renderers and omit this platform?
WARNING: Shader If subshaders removal was intentional, you may have forgotten turning Fallback off?
WARNING: Shader Unsupported: 'Spine/Outline/Skeleton Fill' - All subshaders removed
WARNING: Shader Did you use #pragma only_renderers and omit this platform?
WARNING: Shader If subshaders removal was intentional, you may have forgotten turning Fallback off?
WARNING: Shader Unsupported: 'Spine/Outline/Skeleton Fill' - All subshaders removed
WARNING: Shader Did you use #pragma only_renderers and omit this platform?
WARNING: Shader If subshaders removal was intentional, you may have forgotten turning Fallback off?
WARNING: Shader Unsupported: 'Spine/Outline/Blend Modes/Skeleton PMA Additive' - All subshaders removed
WARNING: Shader Did you use #pragma only_renderers and omit this platform?
WARNING: Shader If subshaders removal was intentional, you may have forgotten turning Fallback off?
WARNING: Shader Unsupported: 'Spine/Outline/Blend Modes/Skeleton PMA Additive' - All subshaders removed
WARNING: Shader Did you use #pragma only_renderers and omit this platform?
WARNING: Shader If subshaders removal was intentional, you may have forgotten turning Fallback off?
WARNING: Shader Unsupported: 'Spine/Outline/Skeleton Lit' - All subshaders removed
WARNING: Shader Did you use #pragma only_renderers and omit this platform?
WARNING: Shader If subshaders removal was intentional, you may have forgotten turning Fallback off?
WARNING: Shader Unsupported: 'Spine/Outline/Skeleton Lit' - All subshaders removed
WARNING: Shader Did you use #pragma only_renderers and omit this platform?
WARNING: Shader If subshaders removal was intentional, you may have forgotten turning Fallback off?
WARNING: Shader Unsupported: 'Spine/Outline/Sprite/Unlit' - All subshaders removed
WARNING: Shader Did you use #pragma only_renderers and omit this platform?
WARNING: Shader If subshaders removal was intentional, you may have forgotten turning Fallback off?
WARNING: Shader Unsupported: 'Spine/Outline/Sprite/Unlit' - All subshaders removed
WARNING: Shader Did you use #pragma only_renderers and omit this platform?
WARNING: Shader If subshaders removal was intentional, you may have forgotten turning Fallback off?
WARNING: Shader Unsupported: 'Spine/Outline/Skeleton Tint' - All subshaders removed
WARNING: Shader Did you use #pragma only_renderers and omit this platform?
WARNING: Shader If subshaders removal was intentional, you may have forgotten turning Fallback off?
WARNING: Shader Unsupported: 'Spine/Outline/Skeleton Tint' - All subshaders removed
WARNING: Shader Did you use #pragma only_renderers and omit this platform?
WARNING: Shader If subshaders removal was intentional, you may have forgotten turning Fallback off?
WARNING: Shader Unsupported: 'Spine/Outline/Sprite/Pixel Lit' - All subshaders removed
WARNING: Shader Did you use #pragma only_renderers and omit this platform?
WARNING: Shader If subshaders removal was intentional, you may have forgotten turning Fallback off?
WARNING: Shader Unsupported: 'Spine/Outline/Sprite/Pixel Lit' - All subshaders removed
WARNING: Shader Did you use #pragma only_renderers and omit this platform?
WARNING: Shader If subshaders removal was intentional, you may have forgotten turning Fallback off?
WARNING: Shader Unsupported: 'Spine/Outline/Skeleton' - All subshaders removed
WARNING: Shader Did you use #pragma only_renderers and omit this platform?
WARNING: Shader If subshaders removal was intentional, you may have forgotten turning Fallback off?
WARNING: Shader Unsupported: 'Spine/Outline/Skeleton' - All subshaders removed
WARNING: Shader Did you use #pragma only_renderers and omit this platform?
WARNING: Shader If subshaders removal was intentional, you may have forgotten turning Fallback off?
WARNING: Shader Unsupported: 'Spine/Outline/Blend Modes/Skeleton PMA Screen' - All subshaders removed
WARNING: Shader Did you use #pragma only_renderers and omit this platform?
WARNING: Shader If subshaders removal was intentional, you may have forgotten turning Fallback off?
WARNING: Shader Unsupported: 'Spine/Outline/Blend Modes/Skeleton PMA Screen' - All subshaders removed
WARNING: Shader Did you use #pragma only_renderers and omit this platform?
WARNING: Shader If subshaders removal was intentional, you may have forgotten turning Fallback off?
WARNING: Shader Unsupported: 'Spine/Outline/Skeleton Tint Black' - All subshaders removed
WARNING: Shader Did you use #pragma only_renderers and omit this platform?
WARNING: Shader If subshaders removal was intentional, you may have forgotten turning Fallback off?
WARNING: Shader Unsupported: 'Spine/Outline/Skeleton Tint Black' - All subshaders removed
WARNING: Shader Did you use #pragma only_renderers and omit this platform?
WARNING: Shader If subshaders removal was intentional, you may have forgotten turning Fallback off?
WARNING: Shader Unsupported: 'Spine/Outline/Blend Modes/Skeleton PMA Multiply' - All subshaders removed
WARNING: Shader Did you use #pragma only_renderers and omit this platform?
WARNING: Shader If subshaders removal was intentional, you may have forgotten turning Fallback off?
WARNING: Shader Unsupported: 'Spine/Outline/Blend Modes/Skeleton PMA Multiply' - All subshaders removed
WARNING: Shader Did you use #pragma only_renderers and omit this platform?
WARNING: Shader If subshaders removal was intentional, you may have forgotten turning Fallback off?
Refreshing native plugins compatible for Editor in 17.24 ms, found 4 plugins.
Preloading 0 native plugins for Editor in 0.00 ms.
Unloading 6787 Unused Serialized files (Serialized files now loaded: 0)
Unloading 65 unused Assets / (1.4 MB). Loaded Objects now: 7493.
Memory consumption went from 214.2 MB to 212.8 MB.
Total: 5.108800 ms (FindLiveObjects: 0.562000 ms CreateObjectMapping: 0.219800 ms MarkObjects: 3.527000 ms  DeleteObjects: 0.798700 ms)

Prepare: number of updated asset objects reloaded= 0
AssetImportParameters requested are different than current active one (requested -> active):
  custom:scripting/monoscript/fileName/PathFollower.cs: 30c16a1f27a8ff2cea4b196aa739f22b -> 
  custom:scripting/monoscript/fileName/Water.cs: 47d36fddd9c06776acd1b9d4bad18ce4 -> 
  custom:scripting/monoscript/fileName/AudioMixerPostprocessor.cs: fea92e2fedeb3e955711de4d33dc011c -> 
  custom:scripting/monoscript/fileName/FixedFluid.cs: e8b3b51eca42b0b2b1499b798d32399e -> 
  custom:scripting/monoscript/fileName/FixedRadiusNeighborSearchJob.cs: 75dc8a66236188d4230fd9d110ec4621 -> 
  custom:container-demuxer-ogg: 62fdf1f143b41e24485cea50d1cbac27 -> 
  custom:scripting/monoscript/fileName/Menu.cs: 6a6b6f10406332b78ded19ddc96541c7 -> 
  custom:scripting/monoscript/fileName/DensityJob.cs: 97d16c96e154b778bab78cee9307fe8b -> 
  custom:scripting/monoscript/fileName/PathPlacer.cs: bcf225ebf4e9e956635b4f53e47fd6d1 -> 
  custom:scripting/monoscript/fileName/SpecialFluid.cs: dc1a804a0a09e3e68285359c87e6b52c -> 
  custom:scripting/monoscript/fileName/AudioManager.cs: e8310be4479956b7ccf5d41d9f0f6e53 -> 
  custom:scripting/monoscript/fileName/AddressAttribute.cs: 05abc5fa8802f39a615c16623c7dc9e6 -> 
  custom:scripting/monoscript/fileName/ClearDeltaJob.cs: b25411f7dfbe97cfe3fedee493bf1e07 -> 
  custom:scripting/monoscript/fileName/Cpp2ILHelpers.cs: d5322db5289bad64d0a2d3038173207a -> 
  custom:scripting/monoscript/fileName/AddRigidComponent.cs: 5cfe8c1163d2120231d1a60a9187bef2 -> 
  custom:scripting/monoscript/fileName/SplashEffect.cs: 56c37332bcfdc0b69bf23ffd84b0cb9b -> 
  custom:scripting/monoscript/fileName/TextPopEffect.cs: a568096c34fcbf4a332c0e2cedc3c125 -> 
  custom:scripting/monoscript/fileName/Tween.cs: 29ccc41826acec4f27b1cb33d266c690 -> 
  custom:framework-win-MediaFoundation: 216162199b28c13a410421893ffa2e32 -> 
  custom:scripting/monoscript/fileName/WaterDensityJob.cs: ba7f15ba67decc70bd7308793379c4aa -> 
  custom:scripting/monoscript/fileName/ParticleQueueData.cs: 30c0dc0e994da04a4cb5408e3d344ff9 -> 
  custom:scripting/monoscript/fileName/PathCollider2D.cs: 06533b777409c1f1010218037eee84a9 -> 
  custom:scripting/monoscript/fileName/ApplicationData.cs: 9effcfd0ce3162977bad1781620f9106 -> 
  custom:scripting/monoscript/fileName/PressureJob.cs: 0604085a716d6a7a0c50ab176e6bc3b9 -> 
  custom:scripting/monoscript/fileName/Ice.cs: cd95ffbb2f35ffc5893e2a2c99c1b11a -> 
  custom:scripting/monoscript/fileName/DoFloat.cs: 55b0e08a37a831d0420320b38cc2e13f -> 
  custom:scripting/monoscript/fileName/OctopusHeadCohesionJob.cs: a2446c4ab6f6996494ee750594bdb9a1 -> 
  custom:scripting/monoscript/fileName/HueColorCycle.cs: 15e75555f93bd44d2d6bb3f058c4a1eb -> 
  custom:scripting/monoscript/fileName/PlayerData.cs: b049d9460687d3638acb6ba01fbbf85d -> 3d84b63f3767a72fc8125a519f7eef54
  custom:scripting/monoscript/fileName/CaterpillarSpawner.cs: 747a1198a5dc106ef4abf9c6ec58d5a5 -> 
  custom:scripting/monoscript/fileName/FluidDisplay.cs: 766ed52bfc5d7714782ae4791d4b506e -> 
  custom:scripting/monoscript/fileName/Lock.cs: 6e48627702aeabfc269d8ffae8d16237 -> 
  custom:scripting/monoscript/fileName/RotatingSpecialFluid.cs: 6f988e7bc04dcbc0d5286ebb60bbf092 -> 
  custom:scripting/monoscript/fileName/CylinderMeshCreator.cs: 7eec2893b5ae89ce232df82320de6719 -> 
  custom:scripting/monoscript/fileName/UIState.cs: 5ca049af107384855fee205e98e3fdcd -> 
  custom:scripting/monoscript/fileName/Butterfly.cs: 4f804cf0d8151c67487bc6813bdeca41 -> 
  custom:scripting/monoscript/fileName/ConfettiScreen.cs: ed4c16a13f89cfb0866824c801d835d4 -> 
  custom:scripting/monoscript/fileName/SettingsMenu.cs: 5998da193e19bba9a80245c370fc3810 -> 
  custom:scripting/monoscript/fileName/SDFTextureGenerator.cs: 8fb16005cbd13aa97a5f1d58995fc037 -> 
  custom:scripting/monoscript/fileName/SpecialFluidSpawner.cs: f60afa3143a6910c1f36917346035e07 -> 
  custom:scripting/monoscript/fileName/PathSceneToolEditor.cs: 641cadc2661c2c0cebd6b4bd914aa0f2 -> 
  custom:scripting/monoscript/fileName/ClearByteJob.cs: 7cdc70b6c4c85ed88e6e8aab3ece458b -> 
  custom:scripting/monoscript/fileName/OctopusBodyCohesionJob.cs: dac92914c8ea952ca4be44072603b282 -> 
  custom:scripting/monoscript/fileName/GameplayScreen.cs: 667347d3239b97318a91eca7fa6fedc0 -> 
  custom:scripting/monoscript/fileName/TokenAttribute.cs: 526ecdd76f296923b9d238dc78fec9c0 -> 
  custom:scripting/monoscript/fileName/Singleton.cs: f4b867811f420ce1e7db5ea6af289bb7 -> 90647cc400823b41df847a6cbfc29026
  custom:container-muxer-webm: aa71ff27fc2769a1b78a27578f13a17b -> 
  custom:scripting/monoscript/fileName/ViscosityJob.cs: fb2f7bf2ac7163c16a30bbf847db4437 -> 
  custom:scripting/monoscript/fileName/ImageSliceWithUV.cs: 2ac212ba260301fcf9ffc22c566e7b0a -> 
  custom:video-decoder-webm-vp8: 9c59270c3fd7afecdb556c50c9e8de78 -> 
  custom:scripting/monoscript/fileName/FloatConverter.cs: 90647cc400823b41df847a6cbfc29026 -> 
  custom:scripting/monoscript/fileName/UIButtonStyler.cs: 8f0b26656cd59141973cafe91f05635e -> 
  custom:scripting/monoscript/fileName/LevelSequenceManager.cs: aed1233fcf22ffb545af79365deb965c -> 
  custom:scripting/monoscript/fileName/CollectSprite.cs: a87c5cf650fdd36a511d51e6cc1f36ff -> 
  custom:scripting/monoscript/fileName/IntegrateJob.cs: e2d2280989a2b04de87e3c4d97782c2e -> 
  custom:scripting/monoscript/fileName/BlobCohesionJob.cs: f896e09edea5a8a1a27d893b45ca2f98 -> 
  custom:SearchIndexIgnoredProperties: e643bd26f0fe6173181afceb89e7c659 -> 
  custom:AudioImporter_EditorPlatform: d09bf68614088b80899f8185d706f6e7 -> 
  custom:scripting/monoscript/fileName/Clump.cs: 29b6da6786c5aab461f1cca7e475dce5 -> 
  custom:scripting/monoscript/fileName/FluidPhysicsCoupler.cs: c044cc89f319dcc145983e7efaa72f5f -> 
  custom:scripting/monoscript/fileName/CollectRegionTextEffect.cs: d76618d3e117721974ffda24613e4a70 -> 
  custom:scripting/monoscript/fileName/Honey.cs: 6e2fe8d9492eb2cd8d48cd2dc12c7481 -> 
  custom:scripting/monoscript/fileName/CoinsScreen.cs: c7cd5d1f3368dc6d0b2b6c6616c4b579 -> 
  custom:scripting/monoscript/fileName/NativeSourceAttribute.cs: b050fb6a02df5d6acf0c9a7e6eed1f0e -> 
  custom:scripting/monoscript/fileName/PredictJob.cs: 180ae3d423f87193078e6d55d2805157 -> 
  custom:scripting/monoscript/fileName/ApplicationManager.cs: 6100f98dc72a5824900b7fa765f78bcb -> 
  custom:scripting/monoscript/fileName/Bee.cs: c2337d4266dbe6df48f348a8881efe88 -> 
  custom:scripting/monoscript/fileName/FluidInteractions.cs: 0d533b955138b48a582e869007dd1c7e -> 
  custom:scripting/monoscript/fileName/InputSystemWarning.cs: 61b47bbf8092ae28d74118e5fe034e1c -> 
  custom:scripting/monoscript/fileName/BuoyancyJob.cs: 84a0777cebf5813267d91aa352d14cd8 -> 
  custom:scripting/monoscript/fileName/FadingEventScript.cs: 3dffe1822b5cc6f7560127c913518b92 -> 
  custom:scripting/monoscript/fileName/GoalUI.cs: 67c8e93792667363bbe3b477636d06a8 -> 
  custom:scripting/monoscript/fileName/TintScreen.cs: 618fc320637a8c09e346a0bbf7a09e4d -> 
  custom:scripting/monoscript/fileName/UIButtonStyle.cs: ece3cb458f0b84e9e1b8b3186edf78e4 -> 
  custom:audio-decoder-ogg-vorbis: bf7c407c2cedff20999df2af8eb42d56 -> 
  custom:scripting/monoscript/fileName/__JobReflectionRegistrationOutput__1221673671587648887.cs: 93328787fabb34f9d55166ad9aa7d1ee -> 
  custom:scripting/monoscript/fileName/CoinParticle.cs: 33fc31af2630378ef2a81ce7d2a52688 -> 
  custom:scripting/monoscript/fileName/LevelIntroScreen.cs: ccfaad0341bd8a443738ddc35e936f33 -> 
  custom:scripting/monoscript/fileName/PathSceneTool.cs: d23027e6f2a9b1ba86976e141dc12b98 -> 
  custom:scripting/monoscript/fileName/DoVector.cs: 8901fd62dd266773104f60e6eda29a3c -> 
  custom:scripting/monoscript/fileName/HashUtil.cs: 1dcae0507106bac4a7e4d55398924ee7 -> 
  custom:scripting/monoscript/fileName/FieldOffsetAttribute.cs: 76d479e1a0df275c8dfcb86c04622e25 -> 
  custom:scripting/monoscript/fileName/AudioClipSettings.cs: 837f354ab961ea2a15471fb5cb6acb3f -> 
  custom:scripting/monoscript/fileName/TransitionScreen.cs: a569ee698fa6701a0e3d5bdbb3a2dcfd -> 
  custom:audio-encoder-webm-vorbis: bf7c407c2cedff20999df2af8eb42d56 -> 
  custom:scripting/precompiled-assembly-types:Assembly-CSharp-Editor: 3a9ff61bebf9b87c16505e50216b001e -> 
  custom:scripting/precompiled-assembly-types:Assembly-CSharp: 6b5faa128054ab4c267c4dcf2200c928 -> 
  custom:scripting/monoscript/fileName/SPHKernels.cs: 6abe6bb24acc565ff981c9171279e1c3 -> 
  custom:scripting/monoscript/fileName/Stone.cs: 1cc907ad037df73fef4436d844e8ea54 -> 
  custom:scripting/monoscript/fileName/SDFCollider.cs: 603c7592c9dd4c8c07a7eafb1014ebfb -> 
  custom:scripting/monoscript/fileName/MainPage.cs: c129f0c65b8d9c41034d767db532f547 -> 
  custom:scripting/monoscript/fileName/TranslateScript.cs: 64dfd55678f8170683e35feaffd5446c -> 
  custom:scripting/monoscript/fileName/GameBehaviour.cs: db9a2c24ce57d9f65fd93edf3e572400 -> 
  custom:scripting/monoscript/fileName/InputPanelScreen.cs: ef8ca976223475b4094c565208d950bc -> 
  custom:scripting/monoscript/fileName/GameUIManager.cs: 86a69fcfcfd19a8f24740b434b069a4d -> 
  custom:scripting/monoscript/fileName/UIButton.cs: 4e02ea3fe0adc9df93efc8249c29faeb -> 
  custom:scripting/monoscript/fileName/OctUF_FlagHeadJob.cs: 2a8469c3020b91f1be61387f2a79eef9 -> 
  custom:scripting/monoscript/fileName/OctUF_UnionJob.cs: 0eaf1302a9424eb3e64b37a9dc627e14 -> 
  custom:scripting/monoscript/fileName/SplashDownJob.cs: 792b26a134067d7a0186317e69ef6549 -> 
  custom:scripting/monoscript/fileName/ApplyDamageScript.cs: 8a6eeac0abfc8e6bcb5548d6504325b3 -> 
  custom:scripting/monoscript/fileName/JsonHelper.cs: 8a92f32b1bee6bbad752db4e62471d0c -> 0b5759f67f92e2eb09febb2082aca955
  custom:scripting/monoscript/fileName/AudioClipManager.cs: ec6f4ef80a0a5fbf284f0d8637264ab7 -> 
  custom:scripting/monoscript/fileName/GameManager.cs: b72fde0e4713e5b022e37ef0c3f02453 -> 
  custom:scripting/monoscript/fileName/Sponge.cs: 86ef37e94027733653600a38c7a451b6 -> 
  custom:scripting/monoscript/fileName/IdGenerator.cs: d9618b905cbee3f7cd0e0ba23b48b9f9 -> 
  custom:scripting/monoscript/fileName/UserInputPanel.cs: f0f55e62c1d13fe3826ece722790c66c -> 
  custom:scripting/monoscript/fileName/FluidSolver.cs: 0173fdff50de28b09a806c8787d88ee6 -> 
  custom:video-codec-MediaFoundation-h265: 746d11721c4dcdbdad8f713fa42b33f4 -> 
  custom:scripting/monoscript/fileName/Viewport.cs: 10a3d77deddfd498f6e5a66f2852c521 -> 
  custom:scripting/monoscript/fileName/ApplyDeltaJob.cs: ced3cfc3715e5eee04720b09945fc6ad -> 
  custom:scripting/monoscript/fileName/Mud.cs: 55a04cdf890d0ce83b65452c74aaefa7 -> 
  custom:video-decoder-ogg-theora: a1e56fd34408186e4bbccfd4996cb3dc -> 
  custom:scripting/monoscript/fileName/LevelCompleteScreen.cs: d0538113d6ba229f593666ae3cd546cb -> 
  custom:scripting/monoscript/fileName/SpriteCollectDisplay.cs: 15ae0b7a56506bfe5a0ceb50b6d8195f -> 
  custom:scripting/monoscript/fileName/DoColor.cs: dfe5e95eead8ae3fe2eea57b06a3f302 -> 
  custom:scripting/monoscript/fileName/FishDirectionalVisual.cs: adb66663d44b749b14c99a77c68c2ddd -> 
  custom:scripting/monoscript/fileName/FluidSoundFX.cs: 994a60adf8ce7488b0671ee909ab0915 -> 
  custom:CustomObjectIndexerAttribute: 9a22284fe3817be447336de3de66b15e -> 
  custom:scripting/monoscript/fileName/HorizontalFOV.cs: 5411d67c2888fc46d74295ea87d7e731 -> 
  custom:scripting/monoscript/fileName/PathSpawner.cs: aecd5aaffa5f20801702f4a79c66b063 -> 
  custom:container-demuxer-webm: 4f35f7cbe854078d1ac9338744f61a02 -> 
  custom:scripting/monoscript/fileName/Octopus.cs: 7ca047f43de5d3fdfd04793044eac4ea -> 
  custom:scripting/monoscript/fileName/DoRotation.cs: 17407d394cbe2c4fec434c548403a62d -> 
  custom:scripting/monoscript/fileName/EasingFunction.cs: 4e8ba2ccc9e670f761dd07f09e741c3b -> 
  custom:scripting/monoscript/fileName/BeeSpawner.cs: 54c1735b1136e6ea85accafc5c2f2525 -> 
  custom:scripting/monoscript/fileName/QuadFitToCamera.cs: f14263d74713ee41d29dcba9c43a947b -> 
  custom:scripting/monoscript/fileName/CameraFacingBillboard.cs: 31c9ef31d6ef567eb3a7c4cfa14b6ed2 -> 
  custom:scripting/monoscript/fileName/SettingsScreen.cs: 022846d0d98bd37417b6845586a6ae0b -> 
  custom:scripting/monoscript/fileName/Il2CppRuntime.cs: 244f7d57cad03fe2adf2c596c5ea1ab9 -> 
  custom:scripting/monoscript/fileName/SecondaryImageColor.cs: 4af5357547048614f4d91f59ea837fca -> 
  custom:scripting/monoscript/fileName/FluidRendererBase.cs: 29b56b244af137326af10d5ad46e436d -> 
  custom:scripting/monoscript/fileName/Float2Converter.cs: a99912774fd49daf1947a9df8effa3c7 -> 
  custom:scripting/monoscript/fileName/GeneratePathExample.cs: 73e678d27c71a8fc6feee56b52da0952 -> 
  custom:scripting/monoscript/fileName/ParticleInitData.cs: 234532be543e1c3a47e98b5f592733cf -> 
  custom:scripting/monoscript/fileName/Block.cs: 4144c6760f685f764b6c1527f6e9e551 -> 
  custom:scripting/monoscript/fileName/DoDelay.cs: 9af0086dcffa3cecd04e1a7905c4d340 -> 
  custom:scripting/monoscript/fileName/LevelSection.cs: f657affc61d43d13b62a17cba6dd5280 -> 
  custom:scripting/monoscript/fileName/SpongeSpawner.cs: 7e0fcc0d9f510d672ece58cd84bc5243 -> 
  custom:scripting/monoscript/fileName/RoadMeshCreator.cs: 82f4b30084c9949390aebece85f02ac9 -> 
  custom:scripting/monoscript/fileName/SavePage.cs: d23e773d786a36c8dd0de3607165fca2 -> 
  custom:scripting/monoscript/fileName/LogScroller.cs: 817704dcfdb892fd212798a1e4f92569 -> 
  custom:scripting/monoscript/fileName/LevelFailedScreen.cs: dbc57136664aee6bbe57e2295582cf4d -> 
  custom:scripting/monoscript/fileName/Level.cs: 56686763d1c2f6a62d3c32154950a8bd -> 
  custom:scripting/monoscript/fileName/WinScreen.cs: e08aa789944e7f8dc7aa94c9412c70dd -> 
  custom:scripting/monoscript/fileName/Propeller.cs: ce7137c101eb324a069df740d3285bf7 -> 
  custom:scripting/monoscript/fileName/CollectionManager.cs: d2268e346994562739303d9a15d8dfd2 -> 
  custom:scripting/monoscript/fileName/Loader.cs: b6e5236fa40abc04c5e5484dae0efffa -> 
  custom:scripting/monoscript/fileName/PlanarLineMeshCreator.cs: f04bc2e617474815affd85c667aaa4bf -> 
  custom:scripting/monoscript/fileName/OctUF_InitJob.cs: ff545d4ab30411c73e8ae4789c919510 -> 
  custom:scripting/monoscript/fileName/ElasticScale.cs: 2048dafd7f752810f89a51fb558efc98 -> 
  custom:scripting/monoscript/fileName/PowerUp.cs: 702b34b8d2cd6ca9c733669496ecc97b -> 
  custom:scripting/monoscript/fileName/PowerUpMergeTranslateJob.cs: 6fb8a417cce4102f876f02749daaa90e -> 
  custom:scripting/monoscript/fileName/OctUF_WriteRegionJob.cs: c2d3b799bee56d5d1d38c7fc918a4bcc -> 
  custom:video-encoder-webm-vp8: eb34c28f22e8b96e1ab97ce403110664 -> 
  custom:scripting/monoscript/fileName/CollectParticleData.cs: 14d3074792e61f8a399e0fe61a88757c -> 
  custom:scripting/monoscript/fileName/GoalData.cs: 6e1e32ead4ff6c72dc0ea20a8464f72c -> 
  custom:scripting/monoscript/fileName/MyTween.cs: e8bfa7ac8f064efc1ca3721df2bba07a -> 
  custom:scripting/monoscript/fileName/BlinkingEyes.cs: d1970d383c91540229c5dbd88c8761e1 -> 
  custom:scripting/monoscript/fileName/TapticManager.cs: c79589f2d1c26b0d52a6ee8ec184b53c -> 
  custom:scripting/monoscript/fileName/OctopusSpawner.cs: 5f9514b2161ca3aa89cce938bbd5c3ae -> 
  custom:scripting/monoscript/fileName/FailScreen.cs: 8e7ad7555ee063c07d11b71f786467be -> 
  custom:scripting/monoscript/fileName/FishSpawner.cs: 922de8b8e939807b2b925f214379fe5f -> 
  custom:scripting/monoscript/fileName/NumberFormatter.cs: 105f505a040b2c61c93f9705f09adb5a -> 
  custom:scripting/monoscript/fileName/FluidCompute.cs: 605b9fec31852029d389084460748141 -> 
  custom:scripting/monoscript/fileName/HSBColor.cs: ceab2c16bf15ddc45430e0250864807d -> 
  custom:scripting/monoscript/fileName/InterpolateChild.cs: 59370d1192e18e0d000c7a6ea6cf424d -> 
  custom:scripting/monoscript/fileName/Utility.cs: 7cfb6948d5ae666b3be6b090907bb53e -> 
  custom:scripting/monoscript/fileName/Caterpillar.cs: ced7a975a46e85f5bd98318c1844030e -> 
  custom:scripting/monoscript/fileName/UIIconGenerator.cs: 896a90314b609357a0cd3474599ea713 -> 
  custom:scripting/monoscript/fileName/Snow.cs: 4b8e389c0b0dd98755c90db18fd308dc -> 
  custom:scripting/monoscript/fileName/ConnectivityEventScript.cs: 7476d07ee91043ab9548a6746f69c7ae -> 
  custom:scripting/monoscript/fileName/Fish.cs: a6541b35be6a487dd018c2f58fc36e69 -> 
  custom:scripting/monoscript/fileName/Chain.cs: 1785b0d0247b2436eb20621b4dc36027 -> 
  custom:scripting/monoscript/fileName/ActivationEventScript.cs: 80a888d5374ef5da481e2e23a033dc70 -> 
  custom:scripting/monoscript/fileName/FluidCollectDisplay.cs: 576455387c0296a795d436252cece365 -> 
  custom:scripting/monoscript/fileName/RemoveParticleFX.cs: e4290330444ed9db30967feffec92262 -> 
  custom:scripting/monoscript/fileName/DemolitionEventScript.cs: 35f9cb9408660f9de0dcabbccde9c788 -> 
  custom:scripting/monoscript/fileName/Float3Converter.cs: 374a5f943152a2643193c837a5670087 -> 
  custom:scripting/precompiled-assembly-types:System.Runtime.CompilerServices.Unsafe:  -> 732fcc61344223a8313adf09ba5ea714
========================================================================
Received Prepare
Caller must complete domain reload
Begin MonoManager ReloadAssembly
Symbol file LoadedFromMemory is not a mono symbol file
- Loaded All Assemblies, in  0.596 seconds
Native extension for WindowsStandalone target not found
Native extension for iOS target not found
Native extension for Android target not found
Mono: successfully reloaded assembly
- Finished resetting the current domain, in  1.521 seconds
Domain Reload Profiling: 2114ms
	BeginReloadAssembly (172ms)
		ExecutionOrderSort (0ms)
		DisableScriptedObjects (12ms)
		BackupInstance (0ms)
		ReleaseScriptingObjects (0ms)
		CreateAndSetChildDomain (53ms)
	RebuildCommonClasses (29ms)
	RebuildNativeTypeToScriptingClass (9ms)
	initialDomainReloadingComplete (32ms)
	LoadAllAssembliesAndSetupDomain (351ms)
		LoadAssemblies (406ms)
		RebuildTransferFunctionScriptingTraits (0ms)
		AnalyzeDomain (18ms)
			TypeCache.Refresh (7ms)
				TypeCache.ScanAssembly (0ms)
			ScanForSourceGeneratedMonoScriptInfo (0ms)
			ResolveRequiredComponents (11ms)
	FinalizeReload (1522ms)
		ReleaseScriptCaches (0ms)
		RebuildScriptCaches (0ms)
		SetupLoadedEditorAssemblies (761ms)
			LogAssemblyErrors (0ms)
			InitializePlatformSupportModulesInManaged (34ms)
			SetLoadedEditorAssemblies (6ms)
			RefreshPlugins (0ms)
			BeforeProcessingInitializeOnLoad (203ms)
			ProcessInitializeOnLoadAttributes (428ms)
			ProcessInitializeOnLoadMethodAttributes (82ms)
			AfterProcessingInitializeOnLoad (6ms)
			EditorAssembliesLoaded (1ms)
		ExecutionOrderSort2 (0ms)
		AwakeInstancesAfterBackupRestoration (19ms)
WARNING: Shader Unsupported: 'Spine/Outline/SkeletonGraphic' - All subshaders removed
WARNING: Shader Did you use #pragma only_renderers and omit this platform?
WARNING: Shader If subshaders removal was intentional, you may have forgotten turning Fallback off?
WARNING: Shader Unsupported: 'Spine/Outline/SkeletonGraphic' - All subshaders removed
WARNING: Shader Did you use #pragma only_renderers and omit this platform?
WARNING: Shader If subshaders removal was intentional, you may have forgotten turning Fallback off?
WARNING: Shader Unsupported: 'Spine/Outline/Special/Skeleton Grayscale' - All subshaders removed
WARNING: Shader Did you use #pragma only_renderers and omit this platform?
WARNING: Shader If subshaders removal was intentional, you may have forgotten turning Fallback off?
WARNING: Shader Unsupported: 'Spine/Outline/Special/Skeleton Grayscale' - All subshaders removed
WARNING: Shader Did you use #pragma only_renderers and omit this platform?
WARNING: Shader If subshaders removal was intentional, you may have forgotten turning Fallback off?
WARNING: Shader Unsupported: 'Spine/Outline/Sprite/Vertex Lit' - All subshaders removed
WARNING: Shader Did you use #pragma only_renderers and omit this platform?
WARNING: Shader If subshaders removal was intentional, you may have forgotten turning Fallback off?
WARNING: Shader Unsupported: 'Spine/Outline/Sprite/Vertex Lit' - All subshaders removed
WARNING: Shader Did you use #pragma only_renderers and omit this platform?
WARNING: Shader If subshaders removal was intentional, you may have forgotten turning Fallback off?
WARNING: Shader Unsupported: 'Spine/Outline/SkeletonGraphic Tint Black' - All subshaders removed
WARNING: Shader Did you use #pragma only_renderers and omit this platform?
WARNING: Shader If subshaders removal was intentional, you may have forgotten turning Fallback off?
WARNING: Shader Unsupported: 'Spine/Outline/SkeletonGraphic Tint Black' - All subshaders removed
WARNING: Shader Did you use #pragma only_renderers and omit this platform?
WARNING: Shader If subshaders removal was intentional, you may have forgotten turning Fallback off?
WARNING: Shader Unsupported: 'Spine/Outline/Skeleton Lit ZWrite' - All subshaders removed
WARNING: Shader Did you use #pragma only_renderers and omit this platform?
WARNING: Shader If subshaders removal was intentional, you may have forgotten turning Fallback off?
WARNING: Shader Unsupported: 'Spine/Outline/Skeleton Lit ZWrite' - All subshaders removed
WARNING: Shader Did you use #pragma only_renderers and omit this platform?
WARNING: Shader If subshaders removal was intentional, you may have forgotten turning Fallback off?
WARNING: Shader Unsupported: 'Spine/Outline/Skeleton Fill' - All subshaders removed
WARNING: Shader Did you use #pragma only_renderers and omit this platform?
WARNING: Shader If subshaders removal was intentional, you may have forgotten turning Fallback off?
WARNING: Shader Unsupported: 'Spine/Outline/Skeleton Fill' - All subshaders removed
WARNING: Shader Did you use #pragma only_renderers and omit this platform?
WARNING: Shader If subshaders removal was intentional, you may have forgotten turning Fallback off?
WARNING: Shader Unsupported: 'Spine/Outline/Blend Modes/Skeleton PMA Additive' - All subshaders removed
WARNING: Shader Did you use #pragma only_renderers and omit this platform?
WARNING: Shader If subshaders removal was intentional, you may have forgotten turning Fallback off?
WARNING: Shader Unsupported: 'Spine/Outline/Blend Modes/Skeleton PMA Additive' - All subshaders removed
WARNING: Shader Did you use #pragma only_renderers and omit this platform?
WARNING: Shader If subshaders removal was intentional, you may have forgotten turning Fallback off?
WARNING: Shader Unsupported: 'Spine/Outline/Skeleton Lit' - All subshaders removed
WARNING: Shader Did you use #pragma only_renderers and omit this platform?
WARNING: Shader If subshaders removal was intentional, you may have forgotten turning Fallback off?
WARNING: Shader Unsupported: 'Spine/Outline/Skeleton Lit' - All subshaders removed
WARNING: Shader Did you use #pragma only_renderers and omit this platform?
WARNING: Shader If subshaders removal was intentional, you may have forgotten turning Fallback off?
WARNING: Shader Unsupported: 'Spine/Outline/Sprite/Unlit' - All subshaders removed
WARNING: Shader Did you use #pragma only_renderers and omit this platform?
WARNING: Shader If subshaders removal was intentional, you may have forgotten turning Fallback off?
WARNING: Shader Unsupported: 'Spine/Outline/Sprite/Unlit' - All subshaders removed
WARNING: Shader Did you use #pragma only_renderers and omit this platform?
WARNING: Shader If subshaders removal was intentional, you may have forgotten turning Fallback off?
WARNING: Shader Unsupported: 'Spine/Outline/Skeleton Tint' - All subshaders removed
WARNING: Shader Did you use #pragma only_renderers and omit this platform?
WARNING: Shader If subshaders removal was intentional, you may have forgotten turning Fallback off?
WARNING: Shader Unsupported: 'Spine/Outline/Skeleton Tint' - All subshaders removed
WARNING: Shader Did you use #pragma only_renderers and omit this platform?
WARNING: Shader If subshaders removal was intentional, you may have forgotten turning Fallback off?
WARNING: Shader Unsupported: 'Spine/Outline/Sprite/Pixel Lit' - All subshaders removed
WARNING: Shader Did you use #pragma only_renderers and omit this platform?
WARNING: Shader If subshaders removal was intentional, you may have forgotten turning Fallback off?
WARNING: Shader Unsupported: 'Spine/Outline/Sprite/Pixel Lit' - All subshaders removed
WARNING: Shader Did you use #pragma only_renderers and omit this platform?
WARNING: Shader If subshaders removal was intentional, you may have forgotten turning Fallback off?
WARNING: Shader Unsupported: 'Spine/Outline/Skeleton' - All subshaders removed
WARNING: Shader Did you use #pragma only_renderers and omit this platform?
WARNING: Shader If subshaders removal was intentional, you may have forgotten turning Fallback off?
WARNING: Shader Unsupported: 'Spine/Outline/Skeleton' - All subshaders removed
WARNING: Shader Did you use #pragma only_renderers and omit this platform?
WARNING: Shader If subshaders removal was intentional, you may have forgotten turning Fallback off?
WARNING: Shader Unsupported: 'Spine/Outline/Blend Modes/Skeleton PMA Screen' - All subshaders removed
WARNING: Shader Did you use #pragma only_renderers and omit this platform?
WARNING: Shader If subshaders removal was intentional, you may have forgotten turning Fallback off?
WARNING: Shader Unsupported: 'Spine/Outline/Blend Modes/Skeleton PMA Screen' - All subshaders removed
WARNING: Shader Did you use #pragma only_renderers and omit this platform?
WARNING: Shader If subshaders removal was intentional, you may have forgotten turning Fallback off?
WARNING: Shader Unsupported: 'Spine/Outline/Skeleton Tint Black' - All subshaders removed
WARNING: Shader Did you use #pragma only_renderers and omit this platform?
WARNING: Shader If subshaders removal was intentional, you may have forgotten turning Fallback off?
WARNING: Shader Unsupported: 'Spine/Outline/Skeleton Tint Black' - All subshaders removed
WARNING: Shader Did you use #pragma only_renderers and omit this platform?
WARNING: Shader If subshaders removal was intentional, you may have forgotten turning Fallback off?
WARNING: Shader Unsupported: 'Spine/Outline/Blend Modes/Skeleton PMA Multiply' - All subshaders removed
WARNING: Shader Did you use #pragma only_renderers and omit this platform?
WARNING: Shader If subshaders removal was intentional, you may have forgotten turning Fallback off?
WARNING: Shader Unsupported: 'Spine/Outline/Blend Modes/Skeleton PMA Multiply' - All subshaders removed
WARNING: Shader Did you use #pragma only_renderers and omit this platform?
WARNING: Shader If subshaders removal was intentional, you may have forgotten turning Fallback off?
Refreshing native plugins compatible for Editor in 20.94 ms, found 4 plugins.
Preloading 0 native plugins for Editor in 0.00 ms.
Unloading 6787 Unused Serialized files (Serialized files now loaded: 0)
Unloading 37 unused Assets / (1.3 MB). Loaded Objects now: 7532.
Memory consumption went from 214.2 MB to 212.9 MB.
Total: 9.326800 ms (FindLiveObjects: 1.414700 ms CreateObjectMapping: 0.535500 ms MarkObjects: 6.574700 ms  DeleteObjects: 0.800300 ms)

Prepare: number of updated asset objects reloaded= 0
AssetImportParameters requested are different than current active one (requested -> active):
  custom:scripting/monoscript/fileName/PathFollower.cs: 30c16a1f27a8ff2cea4b196aa739f22b -> 
  custom:scripting/monoscript/fileName/Water.cs: 47d36fddd9c06776acd1b9d4bad18ce4 -> 
  custom:scripting/monoscript/fileName/AudioMixerPostprocessor.cs: fea92e2fedeb3e955711de4d33dc011c -> 
  custom:scripting/monoscript/fileName/FixedFluid.cs: e8b3b51eca42b0b2b1499b798d32399e -> 
  custom:scripting/monoscript/fileName/FixedRadiusNeighborSearchJob.cs: 75dc8a66236188d4230fd9d110ec4621 -> 
  custom:container-demuxer-ogg: 62fdf1f143b41e24485cea50d1cbac27 -> 
  custom:scripting/monoscript/fileName/Menu.cs: 6a6b6f10406332b78ded19ddc96541c7 -> 
  custom:scripting/monoscript/fileName/DensityJob.cs: 97d16c96e154b778bab78cee9307fe8b -> 
  custom:scripting/monoscript/fileName/PathPlacer.cs: bcf225ebf4e9e956635b4f53e47fd6d1 -> 
  custom:scripting/monoscript/fileName/SpecialFluid.cs: dc1a804a0a09e3e68285359c87e6b52c -> 
  custom:scripting/monoscript/fileName/AudioManager.cs: e8310be4479956b7ccf5d41d9f0f6e53 -> 
  custom:scripting/monoscript/fileName/AddressAttribute.cs: 05abc5fa8802f39a615c16623c7dc9e6 -> 
  custom:scripting/monoscript/fileName/ClearDeltaJob.cs: b25411f7dfbe97cfe3fedee493bf1e07 -> 
  custom:scripting/monoscript/fileName/Cpp2ILHelpers.cs: d5322db5289bad64d0a2d3038173207a -> 
  custom:scripting/monoscript/fileName/AddRigidComponent.cs: 5cfe8c1163d2120231d1a60a9187bef2 -> 
  custom:scripting/monoscript/fileName/SplashEffect.cs: 56c37332bcfdc0b69bf23ffd84b0cb9b -> 
  custom:scripting/monoscript/fileName/TextPopEffect.cs: a568096c34fcbf4a332c0e2cedc3c125 -> 
  custom:scripting/monoscript/fileName/Tween.cs: 29ccc41826acec4f27b1cb33d266c690 -> 
  custom:framework-win-MediaFoundation: 216162199b28c13a410421893ffa2e32 -> 
  custom:scripting/monoscript/fileName/WaterDensityJob.cs: ba7f15ba67decc70bd7308793379c4aa -> 
  custom:scripting/monoscript/fileName/ParticleQueueData.cs: 30c0dc0e994da04a4cb5408e3d344ff9 -> 
  custom:scripting/monoscript/fileName/PathCollider2D.cs: 06533b777409c1f1010218037eee84a9 -> 
  custom:scripting/monoscript/fileName/ApplicationData.cs: 9effcfd0ce3162977bad1781620f9106 -> 
  custom:scripting/monoscript/fileName/PressureJob.cs: 0604085a716d6a7a0c50ab176e6bc3b9 -> 
  custom:scripting/monoscript/fileName/Ice.cs: cd95ffbb2f35ffc5893e2a2c99c1b11a -> 
  custom:scripting/monoscript/fileName/DoFloat.cs: 55b0e08a37a831d0420320b38cc2e13f -> 
  custom:scripting/monoscript/fileName/OctopusHeadCohesionJob.cs: a2446c4ab6f6996494ee750594bdb9a1 -> 
  custom:scripting/monoscript/fileName/HueColorCycle.cs: 15e75555f93bd44d2d6bb3f058c4a1eb -> 
  custom:scripting/monoscript/fileName/PlayerData.cs: b049d9460687d3638acb6ba01fbbf85d -> 3d84b63f3767a72fc8125a519f7eef54
  custom:scripting/monoscript/fileName/CaterpillarSpawner.cs: 747a1198a5dc106ef4abf9c6ec58d5a5 -> 
  custom:scripting/monoscript/fileName/FluidDisplay.cs: 766ed52bfc5d7714782ae4791d4b506e -> 
  custom:scripting/monoscript/fileName/Lock.cs: 6e48627702aeabfc269d8ffae8d16237 -> 
  custom:scripting/monoscript/fileName/RotatingSpecialFluid.cs: 6f988e7bc04dcbc0d5286ebb60bbf092 -> 
  custom:scripting/monoscript/fileName/CylinderMeshCreator.cs: 7eec2893b5ae89ce232df82320de6719 -> 
  custom:scripting/monoscript/fileName/UIState.cs: 5ca049af107384855fee205e98e3fdcd -> 
  custom:scripting/monoscript/fileName/Butterfly.cs: 4f804cf0d8151c67487bc6813bdeca41 -> 
  custom:scripting/monoscript/fileName/ConfettiScreen.cs: ed4c16a13f89cfb0866824c801d835d4 -> 
  custom:scripting/monoscript/fileName/SettingsMenu.cs: 5998da193e19bba9a80245c370fc3810 -> 
  custom:scripting/monoscript/fileName/SDFTextureGenerator.cs: 8fb16005cbd13aa97a5f1d58995fc037 -> 
  custom:scripting/monoscript/fileName/SpecialFluidSpawner.cs: f60afa3143a6910c1f36917346035e07 -> 
  custom:scripting/monoscript/fileName/PathSceneToolEditor.cs: 641cadc2661c2c0cebd6b4bd914aa0f2 -> 
  custom:scripting/monoscript/fileName/ClearByteJob.cs: 7cdc70b6c4c85ed88e6e8aab3ece458b -> 
  custom:scripting/monoscript/fileName/OctopusBodyCohesionJob.cs: dac92914c8ea952ca4be44072603b282 -> 
  custom:scripting/monoscript/fileName/GameplayScreen.cs: 667347d3239b97318a91eca7fa6fedc0 -> 
  custom:scripting/monoscript/fileName/TokenAttribute.cs: 526ecdd76f296923b9d238dc78fec9c0 -> 
  custom:scripting/monoscript/fileName/Singleton.cs: f4b867811f420ce1e7db5ea6af289bb7 -> 90647cc400823b41df847a6cbfc29026
  custom:container-muxer-webm: aa71ff27fc2769a1b78a27578f13a17b -> 
  custom:scripting/monoscript/fileName/ViscosityJob.cs: fb2f7bf2ac7163c16a30bbf847db4437 -> 
  custom:scripting/monoscript/fileName/ImageSliceWithUV.cs: 2ac212ba260301fcf9ffc22c566e7b0a -> 
  custom:video-decoder-webm-vp8: 9c59270c3fd7afecdb556c50c9e8de78 -> 
  custom:scripting/monoscript/fileName/FloatConverter.cs: 90647cc400823b41df847a6cbfc29026 -> 
  custom:scripting/monoscript/fileName/UIButtonStyler.cs: 8f0b26656cd59141973cafe91f05635e -> 
  custom:scripting/monoscript/fileName/LevelSequenceManager.cs: aed1233fcf22ffb545af79365deb965c -> 
  custom:scripting/monoscript/fileName/CollectSprite.cs: a87c5cf650fdd36a511d51e6cc1f36ff -> 
  custom:scripting/monoscript/fileName/IntegrateJob.cs: e2d2280989a2b04de87e3c4d97782c2e -> 
  custom:scripting/monoscript/fileName/BlobCohesionJob.cs: f896e09edea5a8a1a27d893b45ca2f98 -> 
  custom:SearchIndexIgnoredProperties: e643bd26f0fe6173181afceb89e7c659 -> 
  custom:AudioImporter_EditorPlatform: d09bf68614088b80899f8185d706f6e7 -> 
  custom:scripting/monoscript/fileName/Clump.cs: 29b6da6786c5aab461f1cca7e475dce5 -> 
  custom:scripting/monoscript/fileName/FluidPhysicsCoupler.cs: c044cc89f319dcc145983e7efaa72f5f -> 
  custom:scripting/monoscript/fileName/CollectRegionTextEffect.cs: d76618d3e117721974ffda24613e4a70 -> 
  custom:scripting/monoscript/fileName/Honey.cs: 6e2fe8d9492eb2cd8d48cd2dc12c7481 -> 
  custom:scripting/monoscript/fileName/CoinsScreen.cs: c7cd5d1f3368dc6d0b2b6c6616c4b579 -> 
  custom:scripting/monoscript/fileName/NativeSourceAttribute.cs: b050fb6a02df5d6acf0c9a7e6eed1f0e -> 
  custom:scripting/monoscript/fileName/PredictJob.cs: 180ae3d423f87193078e6d55d2805157 -> 
  custom:scripting/monoscript/fileName/ApplicationManager.cs: 6100f98dc72a5824900b7fa765f78bcb -> 
  custom:scripting/monoscript/fileName/Bee.cs: c2337d4266dbe6df48f348a8881efe88 -> 
  custom:scripting/monoscript/fileName/FluidInteractions.cs: 0d533b955138b48a582e869007dd1c7e -> 
  custom:scripting/monoscript/fileName/InputSystemWarning.cs: 61b47bbf8092ae28d74118e5fe034e1c -> 
  custom:scripting/monoscript/fileName/BuoyancyJob.cs: 84a0777cebf5813267d91aa352d14cd8 -> 
  custom:scripting/monoscript/fileName/FadingEventScript.cs: 3dffe1822b5cc6f7560127c913518b92 -> 
  custom:scripting/monoscript/fileName/GoalUI.cs: 67c8e93792667363bbe3b477636d06a8 -> 
  custom:scripting/monoscript/fileName/TintScreen.cs: 618fc320637a8c09e346a0bbf7a09e4d -> 
  custom:scripting/monoscript/fileName/UIButtonStyle.cs: ece3cb458f0b84e9e1b8b3186edf78e4 -> 
  custom:audio-decoder-ogg-vorbis: bf7c407c2cedff20999df2af8eb42d56 -> 
  custom:scripting/monoscript/fileName/__JobReflectionRegistrationOutput__1221673671587648887.cs: 93328787fabb34f9d55166ad9aa7d1ee -> 
  custom:scripting/monoscript/fileName/CoinParticle.cs: 33fc31af2630378ef2a81ce7d2a52688 -> 
  custom:scripting/monoscript/fileName/LevelIntroScreen.cs: ccfaad0341bd8a443738ddc35e936f33 -> 
  custom:scripting/monoscript/fileName/PathSceneTool.cs: d23027e6f2a9b1ba86976e141dc12b98 -> 
  custom:scripting/monoscript/fileName/DoVector.cs: 8901fd62dd266773104f60e6eda29a3c -> 
  custom:scripting/monoscript/fileName/HashUtil.cs: 1dcae0507106bac4a7e4d55398924ee7 -> 
  custom:scripting/monoscript/fileName/FieldOffsetAttribute.cs: 76d479e1a0df275c8dfcb86c04622e25 -> 
  custom:scripting/monoscript/fileName/AudioClipSettings.cs: 837f354ab961ea2a15471fb5cb6acb3f -> 
  custom:scripting/monoscript/fileName/TransitionScreen.cs: a569ee698fa6701a0e3d5bdbb3a2dcfd -> 
  custom:audio-encoder-webm-vorbis: bf7c407c2cedff20999df2af8eb42d56 -> 
  custom:scripting/precompiled-assembly-types:Assembly-CSharp-Editor: 3a9ff61bebf9b87c16505e50216b001e -> 
  custom:scripting/precompiled-assembly-types:Assembly-CSharp: 6b5faa128054ab4c267c4dcf2200c928 -> 
  custom:scripting/monoscript/fileName/SPHKernels.cs: 6abe6bb24acc565ff981c9171279e1c3 -> 
  custom:scripting/monoscript/fileName/Stone.cs: 1cc907ad037df73fef4436d844e8ea54 -> 
  custom:scripting/monoscript/fileName/SDFCollider.cs: 603c7592c9dd4c8c07a7eafb1014ebfb -> 
  custom:scripting/monoscript/fileName/MainPage.cs: c129f0c65b8d9c41034d767db532f547 -> 
  custom:scripting/monoscript/fileName/TranslateScript.cs: 64dfd55678f8170683e35feaffd5446c -> 
  custom:scripting/monoscript/fileName/GameBehaviour.cs: db9a2c24ce57d9f65fd93edf3e572400 -> 
  custom:scripting/monoscript/fileName/InputPanelScreen.cs: ef8ca976223475b4094c565208d950bc -> 
  custom:scripting/monoscript/fileName/GameUIManager.cs: 86a69fcfcfd19a8f24740b434b069a4d -> 
  custom:scripting/monoscript/fileName/UIButton.cs: 4e02ea3fe0adc9df93efc8249c29faeb -> 
  custom:scripting/monoscript/fileName/OctUF_FlagHeadJob.cs: 2a8469c3020b91f1be61387f2a79eef9 -> 
  custom:scripting/monoscript/fileName/OctUF_UnionJob.cs: 0eaf1302a9424eb3e64b37a9dc627e14 -> 
  custom:scripting/monoscript/fileName/SplashDownJob.cs: 792b26a134067d7a0186317e69ef6549 -> 
  custom:scripting/monoscript/fileName/ApplyDamageScript.cs: 8a6eeac0abfc8e6bcb5548d6504325b3 -> 
  custom:scripting/monoscript/fileName/JsonHelper.cs: 8a92f32b1bee6bbad752db4e62471d0c -> 0b5759f67f92e2eb09febb2082aca955
  custom:scripting/monoscript/fileName/AudioClipManager.cs: ec6f4ef80a0a5fbf284f0d8637264ab7 -> 
  custom:scripting/monoscript/fileName/GameManager.cs: b72fde0e4713e5b022e37ef0c3f02453 -> 
  custom:scripting/monoscript/fileName/Sponge.cs: 86ef37e94027733653600a38c7a451b6 -> 
  custom:scripting/monoscript/fileName/IdGenerator.cs: d9618b905cbee3f7cd0e0ba23b48b9f9 -> 
  custom:scripting/monoscript/fileName/UserInputPanel.cs: f0f55e62c1d13fe3826ece722790c66c -> 
  custom:scripting/monoscript/fileName/FluidSolver.cs: 0173fdff50de28b09a806c8787d88ee6 -> 
  custom:video-codec-MediaFoundation-h265: 746d11721c4dcdbdad8f713fa42b33f4 -> 
  custom:scripting/monoscript/fileName/Viewport.cs: 10a3d77deddfd498f6e5a66f2852c521 -> 
  custom:scripting/monoscript/fileName/ApplyDeltaJob.cs: ced3cfc3715e5eee04720b09945fc6ad -> 
  custom:scripting/monoscript/fileName/Mud.cs: 55a04cdf890d0ce83b65452c74aaefa7 -> 
  custom:video-decoder-ogg-theora: a1e56fd34408186e4bbccfd4996cb3dc -> 
  custom:scripting/monoscript/fileName/LevelCompleteScreen.cs: d0538113d6ba229f593666ae3cd546cb -> 
  custom:scripting/monoscript/fileName/SpriteCollectDisplay.cs: 15ae0b7a56506bfe5a0ceb50b6d8195f -> 
  custom:scripting/monoscript/fileName/DoColor.cs: dfe5e95eead8ae3fe2eea57b06a3f302 -> 
  custom:scripting/monoscript/fileName/FishDirectionalVisual.cs: adb66663d44b749b14c99a77c68c2ddd -> 
  custom:scripting/monoscript/fileName/FluidSoundFX.cs: 994a60adf8ce7488b0671ee909ab0915 -> 
  custom:CustomObjectIndexerAttribute: 9a22284fe3817be447336de3de66b15e -> 
  custom:scripting/monoscript/fileName/HorizontalFOV.cs: 5411d67c2888fc46d74295ea87d7e731 -> 
  custom:scripting/monoscript/fileName/PathSpawner.cs: aecd5aaffa5f20801702f4a79c66b063 -> 
  custom:container-demuxer-webm: 4f35f7cbe854078d1ac9338744f61a02 -> 
  custom:scripting/monoscript/fileName/Octopus.cs: 7ca047f43de5d3fdfd04793044eac4ea -> 
  custom:scripting/monoscript/fileName/DoRotation.cs: 17407d394cbe2c4fec434c548403a62d -> 
  custom:scripting/monoscript/fileName/EasingFunction.cs: 4e8ba2ccc9e670f761dd07f09e741c3b -> 
  custom:scripting/monoscript/fileName/BeeSpawner.cs: 54c1735b1136e6ea85accafc5c2f2525 -> 
  custom:scripting/monoscript/fileName/QuadFitToCamera.cs: f14263d74713ee41d29dcba9c43a947b -> 
  custom:scripting/monoscript/fileName/CameraFacingBillboard.cs: 31c9ef31d6ef567eb3a7c4cfa14b6ed2 -> 
  custom:scripting/monoscript/fileName/SettingsScreen.cs: 022846d0d98bd37417b6845586a6ae0b -> 
  custom:scripting/monoscript/fileName/Il2CppRuntime.cs: 244f7d57cad03fe2adf2c596c5ea1ab9 -> 
  custom:scripting/monoscript/fileName/SecondaryImageColor.cs: 4af5357547048614f4d91f59ea837fca -> 
  custom:scripting/monoscript/fileName/FluidRendererBase.cs: 29b56b244af137326af10d5ad46e436d -> 
  custom:scripting/monoscript/fileName/Float2Converter.cs: a99912774fd49daf1947a9df8effa3c7 -> 
  custom:scripting/monoscript/fileName/GeneratePathExample.cs: 73e678d27c71a8fc6feee56b52da0952 -> 
  custom:scripting/monoscript/fileName/ParticleInitData.cs: 234532be543e1c3a47e98b5f592733cf -> 
  custom:scripting/monoscript/fileName/Block.cs: 4144c6760f685f764b6c1527f6e9e551 -> 
  custom:scripting/monoscript/fileName/DoDelay.cs: 9af0086dcffa3cecd04e1a7905c4d340 -> 
  custom:scripting/monoscript/fileName/LevelSection.cs: f657affc61d43d13b62a17cba6dd5280 -> 
  custom:scripting/monoscript/fileName/SpongeSpawner.cs: 7e0fcc0d9f510d672ece58cd84bc5243 -> 
  custom:scripting/monoscript/fileName/RoadMeshCreator.cs: 82f4b30084c9949390aebece85f02ac9 -> 
  custom:scripting/monoscript/fileName/SavePage.cs: d23e773d786a36c8dd0de3607165fca2 -> 
  custom:scripting/monoscript/fileName/LogScroller.cs: 817704dcfdb892fd212798a1e4f92569 -> 
  custom:scripting/monoscript/fileName/LevelFailedScreen.cs: dbc57136664aee6bbe57e2295582cf4d -> 
  custom:scripting/monoscript/fileName/Level.cs: 56686763d1c2f6a62d3c32154950a8bd -> 
  custom:scripting/monoscript/fileName/WinScreen.cs: e08aa789944e7f8dc7aa94c9412c70dd -> 
  custom:scripting/monoscript/fileName/Propeller.cs: ce7137c101eb324a069df740d3285bf7 -> 
  custom:scripting/monoscript/fileName/CollectionManager.cs: d2268e346994562739303d9a15d8dfd2 -> 
  custom:scripting/monoscript/fileName/Loader.cs: b6e5236fa40abc04c5e5484dae0efffa -> 
  custom:scripting/monoscript/fileName/PlanarLineMeshCreator.cs: f04bc2e617474815affd85c667aaa4bf -> 
  custom:scripting/monoscript/fileName/OctUF_InitJob.cs: ff545d4ab30411c73e8ae4789c919510 -> 
  custom:scripting/monoscript/fileName/ElasticScale.cs: 2048dafd7f752810f89a51fb558efc98 -> 
  custom:scripting/monoscript/fileName/PowerUp.cs: 702b34b8d2cd6ca9c733669496ecc97b -> 
  custom:scripting/monoscript/fileName/PowerUpMergeTranslateJob.cs: 6fb8a417cce4102f876f02749daaa90e -> 
  custom:scripting/monoscript/fileName/OctUF_WriteRegionJob.cs: c2d3b799bee56d5d1d38c7fc918a4bcc -> 
  custom:video-encoder-webm-vp8: eb34c28f22e8b96e1ab97ce403110664 -> 
  custom:scripting/monoscript/fileName/CollectParticleData.cs: 14d3074792e61f8a399e0fe61a88757c -> 
  custom:scripting/monoscript/fileName/GoalData.cs: 6e1e32ead4ff6c72dc0ea20a8464f72c -> 
  custom:scripting/monoscript/fileName/MyTween.cs: e8bfa7ac8f064efc1ca3721df2bba07a -> 
  custom:scripting/monoscript/fileName/BlinkingEyes.cs: d1970d383c91540229c5dbd88c8761e1 -> 
  custom:scripting/monoscript/fileName/TapticManager.cs: c79589f2d1c26b0d52a6ee8ec184b53c -> 
  custom:scripting/monoscript/fileName/OctopusSpawner.cs: 5f9514b2161ca3aa89cce938bbd5c3ae -> 
  custom:scripting/monoscript/fileName/FailScreen.cs: 8e7ad7555ee063c07d11b71f786467be -> 
  custom:scripting/monoscript/fileName/FishSpawner.cs: 922de8b8e939807b2b925f214379fe5f -> 
  custom:scripting/monoscript/fileName/NumberFormatter.cs: 105f505a040b2c61c93f9705f09adb5a -> 
  custom:scripting/monoscript/fileName/FluidCompute.cs: 605b9fec31852029d389084460748141 -> 
  custom:scripting/monoscript/fileName/HSBColor.cs: ceab2c16bf15ddc45430e0250864807d -> 
  custom:scripting/monoscript/fileName/InterpolateChild.cs: 59370d1192e18e0d000c7a6ea6cf424d -> 
  custom:scripting/monoscript/fileName/Utility.cs: 7cfb6948d5ae666b3be6b090907bb53e -> 
  custom:scripting/monoscript/fileName/Caterpillar.cs: ced7a975a46e85f5bd98318c1844030e -> 
  custom:scripting/monoscript/fileName/UIIconGenerator.cs: 896a90314b609357a0cd3474599ea713 -> 
  custom:scripting/monoscript/fileName/Snow.cs: 4b8e389c0b0dd98755c90db18fd308dc -> 
  custom:scripting/monoscript/fileName/ConnectivityEventScript.cs: 7476d07ee91043ab9548a6746f69c7ae -> 
  custom:scripting/monoscript/fileName/Fish.cs: a6541b35be6a487dd018c2f58fc36e69 -> 
  custom:scripting/monoscript/fileName/Chain.cs: 1785b0d0247b2436eb20621b4dc36027 -> 
  custom:scripting/monoscript/fileName/ActivationEventScript.cs: 80a888d5374ef5da481e2e23a033dc70 -> 
  custom:scripting/monoscript/fileName/FluidCollectDisplay.cs: 576455387c0296a795d436252cece365 -> 
  custom:scripting/monoscript/fileName/RemoveParticleFX.cs: e4290330444ed9db30967feffec92262 -> 
  custom:scripting/monoscript/fileName/DemolitionEventScript.cs: 35f9cb9408660f9de0dcabbccde9c788 -> 
  custom:scripting/monoscript/fileName/Float3Converter.cs: 374a5f943152a2643193c837a5670087 -> 
  custom:scripting/precompiled-assembly-types:System.Runtime.CompilerServices.Unsafe:  -> 732fcc61344223a8313adf09ba5ea714
========================================================================
Received Import Request.
  Time since last request: 179.637778 seconds.
  path: Assets/Cubemap
  artifactKey: Guid(23dfba547561a8340a9bc32228a1e233) Importer(815301076,1909f56bfc062723c751e8b465ee728b)
Start importing Assets/Cubemap using Guid(23dfba547561a8340a9bc32228a1e233) Importer(815301076,1909f56bfc062723c751e8b465ee728b) [PhysX] Initialized MultithreadedTaskDispatcher with 12 workers.
 -> (artifact id: 'acf095e4ee1c5293c888a922bbf4a1f3') in 0.001790 seconds
Number of updated asset objects reloaded before import = 0
Number of asset objects unloaded after import = 0
